algorithm,graph_source,graph_family,graph_size,graph_parameters,heap_type,row_count,runtime_measurement,rss_measurement,max_edge_scan_count,max_max_rss_kbytes,max_max_runtime_ms,max_mean_runtime_ms,max_median_max_rss_kbytes,max_median_runtime_ms,max_min_runtime_ms,max_priority_queue_memory_bytes,max_relax_attempt_count,max_runtime_ms,max_successful_key_update_count,max_successful_relax_count,mean_edge_scan_count,mean_max_rss_kbytes,mean_max_runtime_ms,mean_mean_runtime_ms,mean_median_max_rss_kbytes,mean_median_runtime_ms,mean_min_runtime_ms,mean_priority_queue_memory_bytes,mean_relax_attempt_count,mean_runtime_ms,mean_successful_key_update_count,mean_successful_relax_count,median_edge_scan_count,median_max_rss_kbytes,median_max_runtime_ms,median_mean_runtime_ms,median_median_max_rss_kbytes,median_median_runtime_ms,median_min_runtime_ms,median_priority_queue_memory_bytes,median_relax_attempt_count,median_runtime_ms,median_successful_key_update_count,median_successful_relax_count,min_edge_scan_count,min_max_rss_kbytes,min_max_runtime_ms,min_mean_runtime_ms,min_median_max_rss_kbytes,min_median_runtime_ms,min_min_runtime_ms,min_priority_queue_memory_bytes,min_relax_attempt_count,min_runtime_ms,min_successful_key_update_count,min_successful_relax_count
dijkstra,snap,snap_ca-GrQc,4158,"dataset=ca-GrQc,component=largest,max_edges=50000",binary,30,in_process_steady_clock,child_process_wait4,26844.0,22012.0,3.59282,3.07334,22012.0,2.96929,2.80795,49400.0,13422.0,2.96929,,6475.0,26844.0,13300.0,3.1191493333333336,2.90004,13300.0,2.8035319999999997,2.777442,49400.0,13422.0,2.8035319999999997,,6391.0,26844.0,12332.0,2.9875100000000003,2.85518,12332.0,2.794345,2.7766650000000004,49400.0,13422.0,2.794345,,6389.0,26844.0,12332.0,2.95394,2.82243,12332.0,2.76856,2.74479,49400.0,13422.0,2.76856,,6306.0
dijkstra,snap,snap_ca-GrQc,4158,"dataset=ca-GrQc,component=largest,max_edges=50000",fibonacci,30,in_process_steady_clock,child_process_wait4,26844.0,22012.0,6.57989,6.12152,22012.0,6.15889,5.82033,266624.0,13422.0,6.15889,,6475.0,26844.0,13300.0,6.445581,5.7127566666666665,13300.0,5.912906333333334,4.779781666666666,266624.0,13422.0,5.912906333333334,,6391.0,26844.0,12332.0,6.44689,5.65847,12332.0,6.0846,4.8501650000000005,266624.0,13422.0,6.0846,,6389.0,26844.0,12332.0,6.34816,5.28568,12332.0,5.38407,3.78901,266624.0,13422.0,5.38407,,6306.0
dijkstra,snap,snap_ca-GrQc,4158,"dataset=ca-GrQc,component=largest,max_edges=50000",pairing,30,in_process_steady_clock,child_process_wait4,26844.0,22012.0,5.4516,5.2221,22012.0,5.14481,5.10618,232848.0,13422.0,5.14481,,6475.0,26844.0,13300.0,5.377233666666667,4.925743,13300.0,4.996226999999999,4.403768666666666,232848.0,13422.0,4.996226999999999,,6391.0,26844.0,12332.0,5.3735599999999994,4.925015,12332.0,5.046329999999999,4.528535,232848.0,13422.0,5.046329999999999,,6389.0,26844.0,12332.0,5.0473,4.55058,12332.0,4.75015,3.33584,232848.0,13422.0,4.75015,,6306.0
dijkstra,snap,snap_roadNet-CA,11183,"dataset=roadNet-CA,component=largest,max_edges=50000",binary,30,in_process_steady_clock,child_process_wait4,35750.0,22012.0,7.01012,6.00133,22012.0,5.81846,5.72012,52924.0,17875.0,5.81846,,13772.0,35750.0,13300.0,6.224194666666665,5.501128,13300.0,5.566875999999999,4.712315,52924.0,17875.0,5.566875999999999,,13686.733333333334,35750.0,12332.0,5.999025,5.49904,12332.0,5.676015,4.81537,52924.0,17875.0,5.676015,,13689.0,35750.0,12332.0,5.88433,4.94901,12332.0,5.05026,3.55903,52924.0,17875.0,5.05026,,13592.0
dijkstra,snap,snap_roadNet-CA,11183,"dataset=roadNet-CA,component=largest,max_edges=50000",fibonacci,30,in_process_steady_clock,child_process_wait4,35750.0,22012.0,12.7782,9.66538,22012.0,9.4374,7.18411,716224.0,17875.0,9.4374,,13772.0,35750.0,13300.0,12.265466666666667,9.214368666666667,13300.0,8.828971333333332,6.548664333333334,716224.0,17875.0,8.828971333333332,,13686.733333333334,35750.0,12332.0,12.3274,9.35512,12332.0,9.022745,6.723940000000001,716224.0,17875.0,9.022745,,13689.0,35750.0,12332.0,11.7131,8.29649,12332.0,7.42313,5.72154,716224.0,17875.0,7.42313,,13592.0
dijkstra,snap,snap_roadNet-CA,11183,"dataset=roadNet-CA,component=largest,max_edges=50000",pairing,30,in_process_steady_clock,child_process_wait4,35750.0,22012.0,12.2625,9.12781,22012.0,8.97245,6.78509,626248.0,17875.0,8.97245,,13772.0,35750.0,13300.0,11.269733333333333,8.498812666666664,13300.0,7.992252333333334,6.234454333333334,626248.0,17875.0,7.992252333333334,,13686.733333333334,35750.0,12332.0,11.2521,8.577735,12332.0,8.071635,6.3237749999999995,626248.0,17875.0,8.071635,,13689.0,35750.0,12332.0,10.9769,7.89903,12332.0,6.79982,5.55229,626248.0,17875.0,6.79982,,13592.0
dijkstra,snap,snap_roadNet-PA,11325,"dataset=roadNet-PA,component=largest,max_edges=50000",binary,30,in_process_steady_clock,child_process_wait4,32428.0,22012.0,7.43373,6.03428,22012.0,5.92438,5.79717,53492.0,16214.0,5.92438,,13227.0,32428.0,13300.0,6.338741666666666,5.483142999999999,13300.0,5.639221,4.471465333333334,53492.0,16214.0,5.639221,,13170.5,32428.0,12332.0,6.042870000000001,5.51368,12332.0,5.69815,4.434455,53492.0,16214.0,5.69815,,13182.0,32428.0,12332.0,5.77063,4.92049,12332.0,4.86306,3.475,53492.0,16214.0,4.86306,,13106.0
dijkstra,snap,snap_roadNet-PA,11325,"dataset=roadNet-PA,component=largest,max_edges=50000",fibonacci,30,in_process_steady_clock,child_process_wait4,32428.0,22012.0,13.4621,9.91636,22012.0,9.6863,7.08409,725312.0,16214.0,9.6863,,13227.0,32428.0,13300.0,12.734486666666667,9.362613333333336,13300.0,8.825056333333333,6.528296999999999,725312.0,16214.0,8.825056333333333,,13170.5,32428.0,12332.0,12.822949999999999,9.499875,12332.0,9.00279,6.6347249999999995,725312.0,16214.0,9.00279,,13182.0,32428.0,12332.0,11.8097,8.2023,12332.0,7.27908,5.49952,725312.0,16214.0,7.27908,,13106.0
dijkstra,snap,snap_roadNet-PA,11325,"dataset=roadNet-PA,component=largest,max_edges=50000",pairing,30,in_process_steady_clock,child_process_wait4,32428.0,22012.0,11.8616,9.3501,22012.0,9.26564,6.92309,634200.0,16214.0,9.26564,,13227.0,32428.0,13300.0,11.445109999999996,8.449184333333333,13300.0,7.790117999999997,6.112333666666667,634200.0,16214.0,7.790117999999997,,13170.5,32428.0,12332.0,11.5654,8.36852,12332.0,7.61435,6.072355,634200.0,16214.0,7.61435,,13182.0,32428.0,12332.0,10.7408,7.79625,12332.0,6.70244,5.55954,634200.0,16214.0,6.70244,,13106.0
dijkstra,synthetic,dense_er_np,100,"n=100,p=0.18",binary,30,in_process_steady_clock,child_process_wait4,2004.0,22012.0,0.172509,0.102831,22012.0,0.082349,0.064145,2448.0,1002.0,0.082349,,271.0,1933.6,13300.0,0.1337859,0.09013838999999998,13300.0,0.07737286666666666,0.0592564,2448.0,966.8,0.07737286666666666,,250.3,1928.0,12332.0,0.1329055,0.0899572,12332.0,0.0775545,0.059207499999999996,2448.0,964.0,0.0775545,,248.5,1870.0,12332.0,0.122592,0.085478,12332.0,0.074003,0.056328,2448.0,935.0,0.074003,,229.0
dijkstra,synthetic,dense_er_np,100,"n=100,p=0.18",fibonacci,30,in_process_steady_clock,child_process_wait4,2004.0,22012.0,0.21124,0.148224,22012.0,0.13042,0.11973,6912.0,1002.0,0.13042,,271.0,1933.6,13300.0,0.17497643333333332,0.13449216666666672,13300.0,0.1218749,0.10662496666666668,6912.0,966.8,0.1218749,,250.3,1928.0,12332.0,0.1722685,0.133847,12332.0,0.1215125,0.105853,6912.0,964.0,0.1215125,,248.5,1870.0,12332.0,0.163913,0.128923,12332.0,0.116885,0.100766,6912.0,935.0,0.116885,,229.0
dijkstra,synthetic,dense_er_np,100,"n=100,p=0.18",pairing,30,in_process_steady_clock,child_process_wait4,2004.0,22012.0,0.192152,0.137163,22012.0,0.125608,0.116487,5600.0,1002.0,0.125608,,271.0,1933.6,13300.0,0.16514953333333335,0.12619276666666665,13300.0,0.11527873333333333,0.09815023333333332,5600.0,966.8,0.11527873333333333,,250.3,1928.0,12332.0,0.1657345,0.125496,12332.0,0.1144995,0.09758649999999999,5600.0,964.0,0.1144995,,248.5,1870.0,12332.0,0.153945,0.120344,12332.0,0.109688,0.094273,5600.0,935.0,0.109688,,229.0
dijkstra,synthetic,dense_er_np,25,"n=25,p=0.35",binary,30,in_process_steady_clock,child_process_wait4,266.0,22012.0,0.062755,0.0282847,22012.0,0.014289,0.007929,612.0,133.0,0.014289,,52.0,239.2,13300.0,0.035754966666666665,0.018702473333333334,13300.0,0.013087899999999998,0.007264566666666667,612.0,119.6,0.013087899999999998,,45.233333333333334,233.0,12332.0,0.035320500000000005,0.01850565,12332.0,0.013101,0.0072995,612.0,116.5,0.013101,,45.5,216.0,12332.0,0.0288,0.0155003,12332.0,0.011236,0.006441,612.0,108.0,0.011236,,37.0
dijkstra,synthetic,dense_er_np,25,"n=25,p=0.35",fibonacci,30,in_process_steady_clock,child_process_wait4,266.0,22012.0,0.111469,0.0472187,22012.0,0.047528,0.016595,2112.0,133.0,0.047528,,52.0,239.2,13300.0,0.05239486666666667,0.027397989999999997,13300.0,0.01782766666666667,0.01197146666666667,2112.0,119.6,0.01782766666666667,,45.233333333333334,233.0,12332.0,0.051019,0.02650665,12332.0,0.016376,0.011652,2112.0,116.5,0.016376,,45.5,216.0,12332.0,0.045349,0.0237923,12332.0,0.014935,0.010656,2112.0,108.0,0.014935,,37.0
dijkstra,synthetic,dense_er_np,25,"n=25,p=0.35",pairing,30,in_process_steady_clock,child_process_wait4,266.0,22012.0,0.050899,0.0277963,22012.0,0.020387,0.013219,1400.0,133.0,0.020387,,52.0,239.2,13300.0,0.04491410000000002,0.02527019,13300.0,0.018596466666666665,0.012299999999999997,1400.0,119.6,0.018596466666666665,,45.233333333333334,233.0,12332.0,0.044950500000000004,0.0251902,12332.0,0.018751999999999998,0.012248499999999999,1400.0,116.5,0.018751999999999998,,45.5,216.0,12332.0,0.040531,0.023071,12332.0,0.016581,0.011101,1400.0,108.0,0.016581,,37.0
dijkstra,synthetic,dense_er_np,50,"n=50,p=0.25",binary,30,in_process_steady_clock,child_process_wait4,706.0,22012.0,0.067343,0.040567,22012.0,0.0406,0.027945,1224.0,353.0,0.0406,,124.0,670.2,13300.0,0.05997696666666666,0.03684928666666667,13300.0,0.030651700000000007,0.01991920000000001,1224.0,335.1,0.030651700000000007,,108.56666666666666,665.0,12332.0,0.059706999999999996,0.03681365,12332.0,0.0307745,0.019693000000000002,1224.0,332.5,0.0307745,,109.0,634.0,12332.0,0.052693,0.0328307,12332.0,0.026929,0.018079,1224.0,317.0,0.026929,,97.0
dijkstra,synthetic,dense_er_np,50,"n=50,p=0.25",fibonacci,30,in_process_steady_clock,child_process_wait4,706.0,22012.0,0.095065,0.0612563,22012.0,0.053307,0.044454,3712.0,353.0,0.053307,,124.0,670.2,13300.0,0.08867406666666668,0.05660074666666667,13300.0,0.046009866666666656,0.035118300000000005,3712.0,335.1,0.046009866666666656,,108.56666666666666,665.0,12332.0,0.088359,0.0560573,12332.0,0.045844499999999996,0.0348635,3712.0,332.5,0.045844499999999996,,109.0,634.0,12332.0,0.082817,0.0531333,12332.0,0.04104,0.030104,3712.0,317.0,0.04104,,97.0
dijkstra,synthetic,dense_er_np,50,"n=50,p=0.25",pairing,30,in_process_steady_clock,child_process_wait4,706.0,22012.0,0.091634,0.0591147,22012.0,0.048046,0.045716,2800.0,353.0,0.048046,,124.0,670.2,13300.0,0.08110550000000001,0.05328123666666667,13300.0,0.044695599999999995,0.03404263333333333,2800.0,335.1,0.044695599999999995,,108.56666666666666,665.0,12332.0,0.0810825,0.05355015,12332.0,0.0453635,0.0337755,2800.0,332.5,0.0453635,,109.0,634.0,12332.0,0.072323,0.0487523,12332.0,0.041621,0.031238,2800.0,317.0,0.041621,,97.0
dijkstra,synthetic,dijkstra_decrease_key_stress,1051,"k=50,r=1000,C=1001,B=51101,rank=alternating_reverse",binary,1,in_process_steady_clock,child_process_wait4,51050.0,22012.0,3.75401,3.6796,22012.0,3.65537,3.62941,36972.0,51050.0,3.65537,,51050.0,51050.0,22012.0,3.75401,3.6796,22012.0,3.65537,3.62941,36972.0,51050.0,3.65537,,51050.0,51050.0,22012.0,3.75401,3.6796,22012.0,3.65537,3.62941,36972.0,51050.0,3.65537,,51050.0,51050.0,22012.0,3.75401,3.6796,22012.0,3.65537,3.62941,36972.0,51050.0,3.65537,,51050.0
dijkstra,synthetic,dijkstra_decrease_key_stress,1051,"k=50,r=1000,C=1001,B=51101,rank=alternating_reverse",fibonacci,1,in_process_steady_clock,child_process_wait4,51050.0,22012.0,4.73485,4.45849,22012.0,4.49236,4.14825,67776.0,51050.0,4.49236,,51050.0,51050.0,22012.0,4.73485,4.45849,22012.0,4.49236,4.14825,67776.0,51050.0,4.49236,,51050.0,51050.0,22012.0,4.73485,4.45849,22012.0,4.49236,4.14825,67776.0,51050.0,4.49236,,51050.0,51050.0,22012.0,4.73485,4.45849,22012.0,4.49236,4.14825,67776.0,51050.0,4.49236,,51050.0
dijkstra,synthetic,dijkstra_decrease_key_stress,1051,"k=50,r=1000,C=1001,B=51101,rank=alternating_reverse",pairing,1,in_process_steady_clock,child_process_wait4,51050.0,22012.0,2.70511,2.62487,22012.0,2.59075,2.57875,58856.0,51050.0,2.59075,,51050.0,51050.0,22012.0,2.70511,2.62487,22012.0,2.59075,2.57875,58856.0,51050.0,2.59075,,51050.0,51050.0,22012.0,2.70511,2.62487,22012.0,2.59075,2.57875,58856.0,51050.0,2.59075,,51050.0,51050.0,22012.0,2.70511,2.62487,22012.0,2.59075,2.57875,58856.0,51050.0,2.59075,,51050.0
dijkstra,synthetic,dijkstra_decrease_key_stress,2002,"k=1,r=2000,C=2001,B=4003,rank=alternating_reverse",binary,1,in_process_steady_clock,child_process_wait4,4001.0,22012.0,0.909503,0.828812,22012.0,0.7946,0.782333,40776.0,4001.0,0.7946,,4001.0,4001.0,22012.0,0.909503,0.828812,22012.0,0.7946,0.782333,40776.0,4001.0,0.7946,,4001.0,4001.0,22012.0,0.909503,0.828812,22012.0,0.7946,0.782333,40776.0,4001.0,0.7946,,4001.0,4001.0,22012.0,0.909503,0.828812,22012.0,0.7946,0.782333,40776.0,4001.0,0.7946,,4001.0
dijkstra,synthetic,dijkstra_decrease_key_stress,2002,"k=1,r=2000,C=2001,B=4003,rank=alternating_reverse",fibonacci,1,in_process_steady_clock,child_process_wait4,4001.0,22012.0,0.798074,0.67103,22012.0,0.618343,0.596673,128640.0,4001.0,0.618343,,4001.0,4001.0,22012.0,0.798074,0.67103,22012.0,0.618343,0.596673,128640.0,4001.0,0.618343,,4001.0,4001.0,22012.0,0.798074,0.67103,22012.0,0.618343,0.596673,128640.0,4001.0,0.618343,,4001.0,4001.0,22012.0,0.798074,0.67103,22012.0,0.618343,0.596673,128640.0,4001.0,0.618343,,4001.0
dijkstra,synthetic,dijkstra_decrease_key_stress,2002,"k=1,r=2000,C=2001,B=4003,rank=alternating_reverse",pairing,1,in_process_steady_clock,child_process_wait4,4001.0,22012.0,0.776997,0.673631,22012.0,0.625491,0.618404,112112.0,4001.0,0.625491,,4001.0,4001.0,22012.0,0.776997,0.673631,22012.0,0.625491,0.618404,112112.0,4001.0,0.625491,,4001.0,4001.0,22012.0,0.776997,0.673631,22012.0,0.625491,0.618404,112112.0,4001.0,0.625491,,4001.0,4001.0,22012.0,0.776997,0.673631,22012.0,0.625491,0.618404,112112.0,4001.0,0.625491,,4001.0
dijkstra,synthetic,dijkstra_decrease_key_stress,2101,"k=100,r=2000,C=2001,B=202201,rank=alternating_reverse",binary,1,in_process_steady_clock,child_process_wait4,202100.0,22012.0,14.2047,10.0001,22012.0,9.25648,6.53908,73940.0,202100.0,9.25648,,202100.0,202100.0,22012.0,14.2047,10.0001,22012.0,9.25648,6.53908,73940.0,202100.0,9.25648,,202100.0,202100.0,22012.0,14.2047,10.0001,22012.0,9.25648,6.53908,73940.0,202100.0,9.25648,,202100.0,202100.0,22012.0,14.2047,10.0001,22012.0,9.25648,6.53908,73940.0,202100.0,9.25648,,202100.0
dijkstra,synthetic,dijkstra_decrease_key_stress,2101,"k=100,r=2000,C=2001,B=202201,rank=alternating_reverse",fibonacci,1,in_process_steady_clock,child_process_wait4,202100.0,22012.0,17.1898,11.9613,22012.0,11.0487,7.64527,134976.0,202100.0,11.0487,,202100.0,202100.0,22012.0,17.1898,11.9613,22012.0,11.0487,7.64527,134976.0,202100.0,11.0487,,202100.0,202100.0,22012.0,17.1898,11.9613,22012.0,11.0487,7.64527,134976.0,202100.0,11.0487,,202100.0,202100.0,22012.0,17.1898,11.9613,22012.0,11.0487,7.64527,134976.0,202100.0,11.0487,,202100.0
dijkstra,synthetic,dijkstra_decrease_key_stress,2101,"k=100,r=2000,C=2001,B=202201,rank=alternating_reverse",pairing,1,in_process_steady_clock,child_process_wait4,202100.0,22012.0,10.2728,8.33538,22012.0,8.41559,6.31777,117656.0,202100.0,8.41559,,202100.0,202100.0,22012.0,10.2728,8.33538,22012.0,8.41559,6.31777,117656.0,202100.0,8.41559,,202100.0,202100.0,22012.0,10.2728,8.33538,22012.0,8.41559,6.31777,117656.0,202100.0,8.41559,,202100.0,202100.0,22012.0,10.2728,8.33538,22012.0,8.41559,6.31777,117656.0,202100.0,8.41559,,202100.0
dijkstra,synthetic,grid_2d,100,"rows=10,cols=10",binary,30,in_process_steady_clock,child_process_wait4,360.0,22012.0,0.073261,0.0418293,22012.0,0.03934,0.027204,912.0,180.0,0.03934,,136.0,360.0,13300.0,0.0639591,0.037965586666666676,13300.0,0.03014473333333334,0.019792933333333332,758.4,180.0,0.03014473333333334,,125.9,360.0,12332.0,0.063454,0.037738850000000004,12332.0,0.0296755,0.019548,656.0,180.0,0.0296755,,126.0,360.0,12332.0,0.056869,0.0355033,12332.0,0.027626,0.017887,656.0,180.0,0.027626,,120.0
dijkstra,synthetic,grid_2d,100,"rows=10,cols=10",fibonacci,30,in_process_steady_clock,child_process_wait4,360.0,22012.0,0.112448,0.069374,22012.0,0.068765,0.044017,6912.0,180.0,0.068765,,136.0,360.0,13300.0,0.10223236666666667,0.06353206666666668,13300.0,0.04988093333333333,0.0384829,6912.0,180.0,0.04988093333333333,,125.9,360.0,12332.0,0.101107,0.06343915,12332.0,0.0484665,0.0384715,6912.0,180.0,0.0484665,,126.0,360.0,12332.0,0.094543,0.0575523,12332.0,0.043497,0.034617,6912.0,180.0,0.043497,,120.0
dijkstra,synthetic,grid_2d,100,"rows=10,cols=10",pairing,30,in_process_steady_clock,child_process_wait4,360.0,22012.0,0.10877,0.069924,22012.0,0.060869,0.046637,5600.0,180.0,0.060869,,136.0,360.0,13300.0,0.09603799999999997,0.06367405333333333,13300.0,0.05252513333333334,0.04245903333333333,5600.0,180.0,0.05252513333333334,,125.9,360.0,12332.0,0.094468,0.06320400000000001,12332.0,0.0521365,0.042171,5600.0,180.0,0.0521365,,126.0,360.0,12332.0,0.089484,0.059837,12332.0,0.047809,0.039616,5600.0,180.0,0.047809,,120.0
dijkstra,synthetic,grid_2d,25,"rows=5,cols=5",binary,30,in_process_steady_clock,child_process_wait4,80.0,22012.0,0.027254,0.0137367,22012.0,0.009781,0.005213,356.0,40.0,0.009781,,34.0,80.0,13300.0,0.023969933333333335,0.012314956666666666,13300.0,0.008661933333333332,0.004312999999999999,279.2,40.0,0.008661933333333332,,29.6,80.0,12332.0,0.023782499999999998,0.012278850000000001,12332.0,0.008570000000000001,0.0042915,228.0,40.0,0.008570000000000001,,29.5,80.0,12332.0,0.020779,0.0108453,12332.0,0.007847,0.003605,228.0,40.0,0.007847,,26.0
dijkstra,synthetic,grid_2d,25,"rows=5,cols=5",fibonacci,30,in_process_steady_clock,child_process_wait4,80.0,22012.0,0.046048,0.022196,22012.0,0.014385,0.009273,2112.0,40.0,0.014385,,34.0,80.0,13300.0,0.041432133333333336,0.019546209999999998,13300.0,0.009991433333333332,0.007215066666666667,2112.0,40.0,0.009991433333333332,,29.6,80.0,12332.0,0.042048,0.019294350000000002,12332.0,0.009262,0.007029499999999999,2112.0,40.0,0.009262,,29.5,80.0,12332.0,0.035934,0.016973,12332.0,0.008276,0.005975,2112.0,40.0,0.008276,,26.0
dijkstra,synthetic,grid_2d,25,"rows=5,cols=5",pairing,30,in_process_steady_clock,child_process_wait4,80.0,22012.0,0.042488,0.0213483,22012.0,0.014543,0.009384,1400.0,40.0,0.014543,,34.0,80.0,13300.0,0.0370632,0.019178156666666668,13300.0,0.012677333333333334,0.0077939333333333334,1400.0,40.0,0.012677333333333334,,29.6,80.0,12332.0,0.037573,0.01926585,12332.0,0.0124545,0.0074525,1400.0,40.0,0.0124545,,29.5,80.0,12332.0,0.0318,0.016556,12332.0,0.010965,0.006429,1400.0,40.0,0.010965,,26.0
dijkstra,synthetic,grid_2d,64,"rows=8,cols=8",binary,30,in_process_steady_clock,child_process_wait4,224.0,22012.0,0.05311,0.030595,22012.0,0.022323,0.019708,512.0,112.0,0.022323,,87.0,224.0,13300.0,0.0440779,0.0249911,13300.0,0.01916336666666667,0.011732033333333333,512.0,112.0,0.01916336666666667,,78.53333333333333,224.0,12332.0,0.0435005,0.02477215,12332.0,0.0190395,0.011538,512.0,112.0,0.0190395,,78.5,224.0,12332.0,0.038738,0.0227743,12332.0,0.017577,0.010639,512.0,112.0,0.017577,,71.0
dijkstra,synthetic,grid_2d,64,"rows=8,cols=8",fibonacci,30,in_process_steady_clock,child_process_wait4,224.0,22012.0,0.082683,0.0540033,22012.0,0.07029,0.030155,4608.0,112.0,0.07029,,87.0,224.0,13300.0,0.07062756666666667,0.041179543333333325,13300.0,0.03104293333333333,0.02186813333333333,4608.0,112.0,0.03104293333333333,,78.53333333333333,224.0,12332.0,0.07152900000000001,0.0403475,12332.0,0.0282055,0.0215195,4608.0,112.0,0.0282055,,78.5,224.0,12332.0,0.06084,0.0356317,12332.0,0.025083,0.018936,4608.0,112.0,0.025083,,71.0
dijkstra,synthetic,grid_2d,64,"rows=8,cols=8",pairing,30,in_process_steady_clock,child_process_wait4,224.0,22012.0,0.076208,0.0452953,22012.0,0.042883,0.031252,3584.0,112.0,0.042883,,87.0,224.0,13300.0,0.06813133333333334,0.041623556666666665,13300.0,0.03244333333333334,0.024296,3584.0,112.0,0.03244333333333334,,78.53333333333333,224.0,12332.0,0.0686335,0.04157865,12332.0,0.0322015,0.024139,3584.0,112.0,0.0322015,,78.5,224.0,12332.0,0.061895,0.038539,12332.0,0.029766,0.022131,3584.0,112.0,0.029766,,71.0
dijkstra,synthetic,medium_er_np,100,"n=100,p=0.08",binary,30,in_process_steady_clock,child_process_wait4,1022.0,22012.0,0.126809,0.081778,22012.0,0.075898,0.058317,2448.0,511.0,0.075898,,217.0,960.8,13300.0,0.10914496666666668,0.06950656999999999,13300.0,0.057278433333333344,0.04209633333333332,2448.0,480.4,0.057278433333333344,,191.83333333333334,960.0,12332.0,0.1095505,0.06895879999999999,12332.0,0.05668,0.0410325,2448.0,480.0,0.05668,,190.0,912.0,12332.0,0.097682,0.0620623,12332.0,0.051739,0.036766,2448.0,456.0,0.051739,,175.0
dijkstra,synthetic,medium_er_np,100,"n=100,p=0.08",fibonacci,30,in_process_steady_clock,child_process_wait4,1022.0,22012.0,0.160221,0.118642,22012.0,0.127893,0.095662,6912.0,511.0,0.127893,,217.0,960.8,13300.0,0.14820003333333334,0.10939149000000002,13300.0,0.09719446666666667,0.08278000000000002,6912.0,480.4,0.09719446666666667,,191.83333333333334,960.0,12332.0,0.1484,0.1095555,12332.0,0.096608,0.08265600000000001,6912.0,480.0,0.096608,,190.0,912.0,12332.0,0.124752,0.0903397,12332.0,0.078806,0.067461,6912.0,456.0,0.078806,,175.0
dijkstra,synthetic,medium_er_np,100,"n=100,p=0.08",pairing,30,in_process_steady_clock,child_process_wait4,1022.0,22012.0,0.152315,0.112275,22012.0,0.119072,0.088092,5600.0,511.0,0.119072,,217.0,960.8,13300.0,0.13483553333333337,0.10043917999999998,13300.0,0.0910087333333333,0.07547316666666667,5600.0,480.4,0.0910087333333333,,191.83333333333334,960.0,12332.0,0.133029,0.10013,12332.0,0.0887695,0.07484450000000001,5600.0,480.0,0.0887695,,190.0,912.0,12332.0,0.124021,0.090587,12332.0,0.080838,0.066902,5600.0,456.0,0.080838,,175.0
dijkstra,synthetic,medium_er_np,25,"n=25,p=0.2",binary,30,in_process_steady_clock,child_process_wait4,186.0,22012.0,0.034421,0.018099,22012.0,0.014553,0.008035,612.0,93.0,0.014553,,48.0,157.2,13300.0,0.03010963333333334,0.016008983333333334,13300.0,0.011552533333333332,0.006364766666666668,441.3333333333333,78.6,0.011552533333333332,,38.86666666666667,149.0,12332.0,0.030074,0.01606765,12332.0,0.01153,0.0062404999999999995,356.0,74.5,0.01153,,37.5,134.0,12332.0,0.024089,0.0132377,12332.0,0.009882,0.005374,356.0,67.0,0.009882,,32.0
dijkstra,synthetic,medium_er_np,25,"n=25,p=0.2",fibonacci,30,in_process_steady_clock,child_process_wait4,186.0,22012.0,0.078949,0.0335963,22012.0,0.033649,0.015924,2112.0,93.0,0.033649,,48.0,157.2,13300.0,0.04786646666666665,0.024281459999999998,13300.0,0.014909466666666666,0.01006846666666667,2112.0,78.6,0.014909466666666666,,38.86666666666667,149.0,12332.0,0.0474995,0.023655299999999997,12332.0,0.0138905,0.0096965,2112.0,74.5,0.0138905,,37.5,134.0,12332.0,0.041381,0.0215077,12332.0,0.01278,0.008643,2112.0,67.0,0.01278,,32.0
dijkstra,synthetic,medium_er_np,25,"n=25,p=0.2",pairing,30,in_process_steady_clock,child_process_wait4,186.0,22012.0,0.047088,0.0254413,22012.0,0.019077,0.012272,1400.0,93.0,0.019077,,48.0,157.2,13300.0,0.041918033333333334,0.02319038,13300.0,0.016657333333333333,0.010995800000000002,1400.0,78.6,0.016657333333333333,,38.86666666666667,149.0,12332.0,0.0422555,0.0233402,12332.0,0.0166025,0.010943499999999998,1400.0,74.5,0.0166025,,37.5,134.0,12332.0,0.037295,0.0209337,12332.0,0.015235,0.009973,1400.0,67.0,0.015235,,32.0
dijkstra,synthetic,medium_er_np,50,"n=50,p=0.12",binary,30,in_process_steady_clock,child_process_wait4,398.0,22012.0,0.068085,0.0360883,22012.0,0.025109,0.023065,1224.0,199.0,0.025109,,95.0,373.2,13300.0,0.05021083333333332,0.029487623333333338,13300.0,0.023343400000000004,0.014908633333333334,933.8666666666667,186.6,0.023343400000000004,,83.86666666666666,376.0,12332.0,0.050621,0.029211800000000003,12332.0,0.0234205,0.014771,712.0,188.0,0.0234205,,83.0,348.0,12332.0,0.041655,0.0265377,12332.0,0.021397,0.013471,712.0,174.0,0.021397,,77.0
dijkstra,synthetic,medium_er_np,50,"n=50,p=0.12",fibonacci,30,in_process_steady_clock,child_process_wait4,398.0,22012.0,0.124805,0.0634853,22012.0,0.04503,0.035664,3712.0,199.0,0.04503,,95.0,373.2,13300.0,0.0809007,0.048733559999999995,13300.0,0.0373642,0.027935800000000004,3712.0,186.6,0.0373642,,83.86666666666666,376.0,12332.0,0.078696,0.048027,12332.0,0.036532499999999996,0.0274675,3712.0,188.0,0.036532499999999996,,83.0,348.0,12332.0,0.073077,0.0443513,12332.0,0.034405,0.025165,3712.0,174.0,0.034405,,77.0
dijkstra,synthetic,medium_er_np,50,"n=50,p=0.12",pairing,30,in_process_steady_clock,child_process_wait4,398.0,22012.0,0.084613,0.0493333,22012.0,0.042158,0.036811,2800.0,199.0,0.042158,,95.0,373.2,13300.0,0.07153976666666666,0.045406876666666665,13300.0,0.036973933333333334,0.02770693333333333,2800.0,186.6,0.036973933333333334,,83.86666666666666,376.0,12332.0,0.070199,0.0451943,12332.0,0.036901,0.0273505,2800.0,188.0,0.036901,,83.0,348.0,12332.0,0.064797,0.0427927,12332.0,0.034707,0.025555,2800.0,174.0,0.034707,,77.0
dijkstra,synthetic,sparse_er_nm,100,"n=100,m=300",binary,30,in_process_steady_clock,child_process_wait4,600.0,22012.0,0.113962,0.063718,22012.0,0.054778,0.03398,1424.0,300.0,0.054778,,173.0,600.0,13300.0,0.08586593333333334,0.05477717999999998,13300.0,0.046175100000000004,0.03229050000000001,1424.0,300.0,0.046175100000000004,,155.53333333333333,600.0,12332.0,0.08362149999999999,0.05382365,12332.0,0.045571,0.03213,1424.0,300.0,0.045571,,155.5,600.0,12332.0,0.079675,0.0519613,12332.0,0.043857,0.030621,1424.0,300.0,0.043857,,144.0
dijkstra,synthetic,sparse_er_nm,100,"n=100,m=300",fibonacci,30,in_process_steady_clock,child_process_wait4,600.0,22012.0,0.152812,0.110013,22012.0,0.122437,0.080331,6912.0,300.0,0.122437,,173.0,600.0,13300.0,0.13426193333333333,0.09677683666666664,13300.0,0.08455599999999999,0.0715125,6912.0,300.0,0.08455599999999999,,155.53333333333333,600.0,12332.0,0.133051,0.09617500000000001,12332.0,0.082596,0.070258,6912.0,300.0,0.082596,,155.5,600.0,12332.0,0.12789,0.090906,12332.0,0.078609,0.066219,6912.0,300.0,0.078609,,144.0
dijkstra,synthetic,sparse_er_nm,100,"n=100,m=300",pairing,30,in_process_steady_clock,child_process_wait4,600.0,22012.0,0.162652,0.0994803,22012.0,0.110067,0.06591,5600.0,300.0,0.110067,,173.0,600.0,13300.0,0.1236515,0.08831620999999999,13300.0,0.07778183333333333,0.0635153,5600.0,300.0,0.07778183333333333,,155.53333333333333,600.0,12332.0,0.1209385,0.08739835,12332.0,0.0762545,0.06346550000000001,5600.0,300.0,0.0762545,,155.5,600.0,12332.0,0.113661,0.0828793,12332.0,0.071816,0.060792,5600.0,300.0,0.071816,,144.0
dijkstra,synthetic,sparse_er_nm,25,"n=25,m=75",binary,30,in_process_steady_clock,child_process_wait4,150.0,22008.0,0.029522,0.015404,22008.0,0.011279,0.00613,612.0,75.0,0.011279,,47.0,150.0,13299.6,0.016909633333333337,0.009362203666666668,13299.6,0.0071949000000000015,0.003982066666666667,415.73333333333335,75.0,0.0071949000000000015,,37.86666666666667,150.0,12332.0,0.0164385,0.008963335,12332.0,0.006631,0.00345,356.0,75.0,0.006631,,38.0,150.0,12332.0,0.006246,0.00420967,12332.0,0.003583,0.002387,356.0,75.0,0.003583,,30.0
dijkstra,synthetic,sparse_er_nm,25,"n=25,m=75",fibonacci,30,in_process_steady_clock,child_process_wait4,150.0,22008.0,0.054915,0.026562,22008.0,0.017791,0.013954,2112.0,75.0,0.017791,,47.0,150.0,13299.6,0.03651013333333334,0.018687276666666666,13299.6,0.0114288,0.0081229,2112.0,75.0,0.0114288,,37.86666666666667,150.0,12332.0,0.0365305,0.0184335,12332.0,0.0111205,0.0077315000000000005,2112.0,75.0,0.0111205,,38.0,150.0,12332.0,0.021542,0.0106933,12332.0,0.006153,0.004385,2112.0,75.0,0.006153,,30.0
dijkstra,synthetic,sparse_er_nm,25,"n=25,m=75",pairing,30,in_process_steady_clock,child_process_wait4,150.0,22008.0,0.190011,0.0674027,22008.0,0.025314,0.01106,1400.0,75.0,0.025314,,47.0,150.0,13299.6,0.08022533333333334,0.03327608333333333,13299.6,0.011903733333333335,0.007699166666666666,1400.0,75.0,0.011903733333333335,,37.86666666666667,150.0,12332.0,0.039873000000000006,0.0224062,12332.0,0.012167,0.0078375,1400.0,75.0,0.012167,,38.0,150.0,12332.0,0.023403,0.0127483,12332.0,0.005438,0.00442,1400.0,75.0,0.005438,,30.0
dijkstra,synthetic,sparse_er_nm,50,"n=50,m=150",binary,30,in_process_steady_clock,child_process_wait4,300.0,22012.0,0.058664,0.0317953,22012.0,0.023549,0.020615,1224.0,150.0,0.023549,,84.0,300.0,13299.733333333334,0.046808166666666665,0.027421063333333332,13299.733333333334,0.021791933333333333,0.013663100000000004,746.1333333333333,150.0,0.021791933333333333,,75.86666666666666,300.0,12332.0,0.0470025,0.02731615,12332.0,0.021773,0.01345,712.0,150.0,0.021773,,76.0,300.0,12332.0,0.038956,0.0246157,12332.0,0.01965,0.012292,712.0,150.0,0.01965,,68.0
dijkstra,synthetic,sparse_er_nm,50,"n=50,m=150",fibonacci,30,in_process_steady_clock,child_process_wait4,300.0,22012.0,0.108174,0.0555237,22012.0,0.041492,0.034821,3712.0,150.0,0.041492,,84.0,300.0,13299.733333333334,0.07743216666666666,0.045772530000000006,13299.733333333334,0.034160466666666674,0.025724966666666668,3712.0,150.0,0.034160466666666674,,75.86666666666666,300.0,12332.0,0.0762785,0.045554,12332.0,0.033711,0.0251365,3712.0,150.0,0.033711,,76.0,300.0,12332.0,0.069982,0.042123,12332.0,0.032162,0.023066,3712.0,150.0,0.032162,,68.0
dijkstra,synthetic,sparse_er_nm,50,"n=50,m=150",pairing,30,in_process_steady_clock,child_process_wait4,300.0,22012.0,0.077257,0.0467183,22012.0,0.046836,0.033819,2800.0,150.0,0.046836,,84.0,300.0,13299.733333333334,0.06649346666666665,0.04240323333333333,13299.733333333334,0.03458556666666667,0.026130666666666667,2800.0,150.0,0.03458556666666667,,75.86666666666666,300.0,12332.0,0.065879,0.04232835,12332.0,0.0343895,0.026067,2800.0,150.0,0.0343895,,76.0,300.0,12332.0,0.061496,0.0398457,12332.0,0.032296,0.02404,2800.0,150.0,0.032296,,68.0
dijkstra,synthetic,superdense_er_np,100,"n=100,p=0.35",binary,30,in_process_steady_clock,child_process_wait4,3692.0,22012.0,0.189506,0.131321,22012.0,0.132997,0.097519,2448.0,1846.0,0.132997,,326.0,3617.4,13300.0,0.1641531333333333,0.11994956666666669,13300.0,0.10820263333333337,0.08749283333333334,2448.0,1808.7,0.10820263333333337,,301.3333333333333,3632.0,12332.0,0.1631845,0.11925,12332.0,0.1070285,0.0878315,2448.0,1816.0,0.1070285,,299.5,3434.0,12332.0,0.150862,0.111215,12332.0,0.101269,0.080279,2448.0,1717.0,0.101269,,274.0
dijkstra,synthetic,superdense_er_np,100,"n=100,p=0.35",fibonacci,30,in_process_steady_clock,child_process_wait4,3692.0,22012.0,0.217493,0.176662,22012.0,0.166669,0.157498,6912.0,1846.0,0.166669,,326.0,3617.4,13300.0,0.20668686666666666,0.16844849999999995,13300.0,0.15710303333333334,0.1415553,6912.0,1808.7,0.15710303333333334,,301.3333333333333,3632.0,12332.0,0.20637149999999999,0.16798,12332.0,0.15678150000000002,0.13976850000000002,6912.0,1816.0,0.15678150000000002,,299.5,3434.0,12332.0,0.196149,0.161329,12332.0,0.149308,0.134237,6912.0,1717.0,0.149308,,274.0
dijkstra,synthetic,superdense_er_np,100,"n=100,p=0.35",pairing,30,in_process_steady_clock,child_process_wait4,3692.0,22012.0,0.215443,0.166022,22012.0,0.161056,0.144227,5600.0,1846.0,0.161056,,326.0,3617.4,13300.0,0.19840873333333334,0.1591458,13300.0,0.1476838333333333,0.13134486666666667,5600.0,1808.7,0.1476838333333333,,301.3333333333333,3632.0,12332.0,0.1954695,0.15897499999999998,12332.0,0.14656249999999998,0.1303705,5600.0,1816.0,0.14656249999999998,,299.5,3434.0,12332.0,0.189913,0.153581,12332.0,0.140758,0.125904,5600.0,1717.0,0.140758,,274.0
dijkstra,synthetic,superdense_er_np,25,"n=25,p=0.65",binary,30,in_process_steady_clock,child_process_wait4,436.0,22012.0,0.048625,0.0250057,22012.0,0.018068,0.010134,612.0,218.0,0.018068,,64.0,404.6,13300.0,0.038671166666666666,0.021354873333333333,13300.0,0.016188933333333336,0.009204533333333332,612.0,202.3,0.016188933333333336,,56.233333333333334,405.0,12332.0,0.0385865,0.0213582,12332.0,0.016158,0.009298500000000001,612.0,202.5,0.016158,,57.5,388.0,12332.0,0.032225,0.0185307,12332.0,0.014484,0.008135,612.0,194.0,0.014484,,45.0
dijkstra,synthetic,superdense_er_np,25,"n=25,p=0.65",fibonacci,30,in_process_steady_clock,child_process_wait4,436.0,22012.0,0.07758,0.036994,22012.0,0.029411,0.016869,2112.0,218.0,0.029411,,64.0,404.6,13300.0,0.05512993333333332,0.029849820000000006,13300.0,0.020387233333333334,0.014032299999999998,2112.0,202.3,0.020387233333333334,,56.233333333333334,405.0,12332.0,0.055202,0.029834,12332.0,0.019631000000000003,0.013956,2112.0,202.5,0.019631000000000003,,57.5,388.0,12332.0,0.048553,0.0265077,12332.0,0.017747,0.012651,2112.0,194.0,0.017747,,45.0
dijkstra,synthetic,superdense_er_np,25,"n=25,p=0.65",pairing,30,in_process_steady_clock,child_process_wait4,436.0,22012.0,0.086742,0.0404703,22012.0,0.030094,0.016239,1400.0,218.0,0.030094,,64.0,404.6,13300.0,0.0508695,0.02931077333333333,13300.0,0.022472566666666662,0.014590233333333334,1400.0,202.3,0.022472566666666662,,56.233333333333334,405.0,12332.0,0.049595,0.0287635,12332.0,0.0218085,0.0145175,1400.0,202.5,0.0218085,,57.5,388.0,12332.0,0.044333,0.0262973,12332.0,0.019299,0.01268,1400.0,194.0,0.019299,,45.0
dijkstra,synthetic,superdense_er_np,50,"n=50,p=0.5",binary,30,in_process_steady_clock,child_process_wait4,1346.0,22012.0,0.086641,0.059774,22012.0,0.072599,0.030555,1224.0,673.0,0.072599,,156.0,1272.4,13300.0,0.07364266666666669,0.04827230333333333,13300.0,0.04291053333333335,0.028263699999999996,1224.0,636.2,0.04291053333333335,,137.4,1260.0,12332.0,0.073138,0.04760685,12332.0,0.0415015,0.0282955,1224.0,630.0,0.0415015,,138.0,1230.0,12332.0,0.068558,0.0455953,12332.0,0.039637,0.02635,1224.0,615.0,0.039637,,119.0
dijkstra,synthetic,superdense_er_np,50,"n=50,p=0.5",fibonacci,30,in_process_steady_clock,child_process_wait4,1346.0,22012.0,0.116885,0.075498,22012.0,0.072313,0.057423,3712.0,673.0,0.072313,,156.0,1272.4,13300.0,0.10259016666666668,0.06921887000000002,13300.0,0.05881240000000001,0.04625403333333333,3712.0,636.2,0.05881240000000001,,137.4,1260.0,12332.0,0.10208049999999999,0.06904015,12332.0,0.0584345,0.0457535,3712.0,630.0,0.0584345,,138.0,1230.0,12332.0,0.09667,0.0655627,12332.0,0.054837,0.042413,3712.0,615.0,0.054837,,119.0
dijkstra,synthetic,superdense_er_np,50,"n=50,p=0.5",pairing,30,in_process_steady_clock,child_process_wait4,1346.0,22012.0,0.117782,0.0745073,22012.0,0.06852,0.056222,2800.0,673.0,0.06852,,156.0,1272.4,13300.0,0.0964684,0.06646755,13300.0,0.05821929999999999,0.04471493333333333,2800.0,636.2,0.05821929999999999,,137.4,1260.0,12332.0,0.09627949999999999,0.0663638,12332.0,0.057105500000000003,0.04457,2800.0,630.0,0.057105500000000003,,138.0,1230.0,12332.0,0.087913,0.0616887,12332.0,0.054681,0.041336,2800.0,615.0,0.054681,,119.0
prim,snap,snap_ca-GrQc,4158,"dataset=ca-GrQc,component=largest,max_edges=50000",binary,10,in_process_steady_clock,child_process_wait4,26844.0,22012.0,3.3044,3.1268,22012.0,3.07119,3.05751,49400.0,,3.07119,7462.0,,26844.0,13300.0,3.242226,3.099396,13300.0,3.0467850000000003,3.009175,49400.0,,3.0467850000000003,7388.7,,26844.0,12332.0,3.236665,3.10435,12332.0,3.0429649999999997,3.033455,49400.0,,3.0429649999999997,7380.5,,26844.0,12332.0,3.21336,3.0654,12332.0,3.03271,2.92993,49400.0,,3.03271,7293.0,
prim,snap,snap_ca-GrQc,4158,"dataset=ca-GrQc,component=largest,max_edges=50000",fibonacci,10,in_process_steady_clock,child_process_wait4,26844.0,22012.0,5.56249,5.37229,22012.0,5.31512,5.23925,266624.0,,5.31512,7462.0,,26844.0,13300.0,5.424893,5.071778999999999,13300.0,5.160059,4.630380000000001,266624.0,,5.160059,7388.7,,26844.0,12332.0,5.4775100000000005,5.0820799999999995,12332.0,5.17445,4.6510750000000005,266624.0,,5.17445,7380.5,,26844.0,12332.0,5.1791,4.6388,12332.0,4.94147,3.61016,266624.0,,4.94147,7293.0,
prim,snap,snap_ca-GrQc,4158,"dataset=ca-GrQc,component=largest,max_edges=50000",pairing,10,in_process_steady_clock,child_process_wait4,26844.0,22012.0,4.21055,3.99747,22012.0,3.93099,3.8846,232848.0,,3.93099,7462.0,,26844.0,13300.0,4.134097,3.894808,13300.0,3.861816,3.6885119999999993,232848.0,,3.861816,7388.7,,26844.0,12332.0,4.16829,3.87588,12332.0,3.873375,3.77757,232848.0,,3.873375,7380.5,,26844.0,12332.0,3.81907,3.78799,12332.0,3.7757,3.44742,232848.0,,3.7757,7293.0,
prim,snap,snap_roadNet-CA,11183,"dataset=roadNet-CA,component=largest,max_edges=50000",binary,10,in_process_steady_clock,child_process_wait4,35750.0,22012.0,7.21584,6.71541,22012.0,6.94934,6.02271,77500.0,,6.94934,15941.0,,35750.0,13300.0,7.138118,6.215587,13300.0,6.363772000000001,5.144874,77500.0,,6.363772000000001,15887.3,,35750.0,12332.0,7.14522,6.153700000000001,12332.0,6.42966,5.48315,77500.0,,6.42966,15886.0,,35750.0,12332.0,7.01139,5.93011,12332.0,5.87449,4.26331,77500.0,,5.87449,15824.0,
prim,snap,snap_roadNet-CA,11183,"dataset=roadNet-CA,component=largest,max_edges=50000",fibonacci,10,in_process_steady_clock,child_process_wait4,35750.0,22012.0,9.98038,8.0997,22012.0,8.69179,5.98241,716224.0,,8.69179,15941.0,,35750.0,13300.0,9.818369,7.701847000000001,13300.0,7.498272,5.7889,716224.0,,7.498272,15887.3,,35750.0,12332.0,9.824580000000001,7.64052,12332.0,7.267825,5.788035,716224.0,,7.267825,15886.0,,35750.0,12332.0,9.63839,7.19894,12332.0,6.38911,5.53961,716224.0,,6.38911,15824.0,
prim,snap,snap_roadNet-CA,11183,"dataset=roadNet-CA,component=largest,max_edges=50000",pairing,10,in_process_steady_clock,child_process_wait4,35750.0,22012.0,6.95054,6.28056,22012.0,6.29291,5.85037,626248.0,,6.29291,15941.0,,35750.0,13300.0,6.848756,5.932378999999999,13300.0,5.983752,4.964633,626248.0,,5.983752,15887.3,,35750.0,12332.0,6.865735000000001,6.043340000000001,12332.0,6.125715,5.107565,626248.0,,6.125715,15886.0,,35750.0,12332.0,6.75393,5.43274,12332.0,5.32447,3.92952,626248.0,,5.32447,15824.0,
prim,snap,snap_roadNet-PA,11325,"dataset=roadNet-PA,component=largest,max_edges=50000",binary,10,in_process_steady_clock,child_process_wait4,32428.0,22012.0,7.08669,6.52913,22012.0,6.82613,5.69074,78068.0,,6.82613,14930.0,,32428.0,13300.0,7.023953000000001,6.074904,13300.0,6.209013,4.9917419999999995,78068.0,,6.209013,14889.0,,32428.0,12332.0,7.0228850000000005,6.063314999999999,12332.0,6.097785,5.167905,78068.0,,6.097785,14888.5,,32428.0,12332.0,6.95768,5.66887,12332.0,5.74375,4.18877,78068.0,,5.74375,14851.0,
prim,snap,snap_roadNet-PA,11325,"dataset=roadNet-PA,component=largest,max_edges=50000",fibonacci,10,in_process_steady_clock,child_process_wait4,32428.0,22012.0,9.70817,7.78813,22012.0,8.19961,5.68619,725312.0,,8.19961,14930.0,,32428.0,13300.0,9.61711,7.439348,13300.0,7.078369,5.622564000000001,725312.0,,7.078369,14889.0,,32428.0,12332.0,9.64552,7.36859,12332.0,6.94571,5.644945,725312.0,,6.94571,14888.5,,32428.0,12332.0,9.48309,7.09153,12332.0,5.94794,5.46455,725312.0,,5.94794,14851.0,
prim,snap,snap_roadNet-PA,11325,"dataset=roadNet-PA,component=largest,max_edges=50000",pairing,10,in_process_steady_clock,child_process_wait4,32428.0,22012.0,7.04153,6.06544,22012.0,6.16449,5.40189,634200.0,,6.16449,14930.0,,32428.0,13300.0,6.752510999999998,5.734509,13300.0,5.866624,4.584395000000001,634200.0,,5.866624,14889.0,,32428.0,12332.0,6.74121,5.705025,12332.0,6.01715,4.518485,634200.0,,6.01715,14888.5,,32428.0,12332.0,6.66085,5.4663,12332.0,5.30347,3.85837,634200.0,,5.30347,14851.0,
prim,synthetic,dense_er_np,100,"n=100,p=0.18",binary,10,in_process_steady_clock,child_process_wait4,2004.0,22012.0,0.163909,0.104494,22012.0,0.094715,0.065769,2448.0,,0.094715,315.0,,1933.6,13300.0,0.13768419999999998,0.09539162999999999,13300.0,0.0847158,0.063775,2448.0,,0.0847158,298.9,,1928.0,12332.0,0.1348475,0.09453865,12332.0,0.0837115,0.06461800000000001,2448.0,,0.0837115,298.5,,1870.0,12332.0,0.13047,0.0917473,12332.0,0.08117,0.059085,2448.0,,0.08117,287.0,
prim,synthetic,dense_er_np,100,"n=100,p=0.18",fibonacci,10,in_process_steady_clock,child_process_wait4,2004.0,22012.0,0.191153,0.141569,22012.0,0.135699,0.113104,6912.0,,0.135699,315.0,,1933.6,13300.0,0.17255450000000003,0.133249,13300.0,0.1214838,0.10570880000000002,6912.0,,0.1214838,298.9,,1928.0,12332.0,0.171307,0.132939,12332.0,0.1199595,0.1057815,6912.0,,0.1199595,298.5,,1870.0,12332.0,0.165292,0.127345,12332.0,0.113173,0.099371,6912.0,,0.113173,287.0,
prim,synthetic,dense_er_np,100,"n=100,p=0.18",pairing,10,in_process_steady_clock,child_process_wait4,2004.0,22012.0,0.16031,0.119241,22012.0,0.114346,0.091624,5600.0,,0.114346,315.0,,1933.6,13300.0,0.15349839999999998,0.1159078,13300.0,0.1066018,0.08762289999999999,5600.0,,0.1066018,298.9,,1928.0,12332.0,0.1533505,0.1162295,12332.0,0.10648350000000001,0.0885325,5600.0,,0.10648350000000001,298.5,,1870.0,12332.0,0.148203,0.110379,12332.0,0.099041,0.080483,5600.0,,0.099041,287.0,
prim,synthetic,dense_er_np,25,"n=25,p=0.35",binary,10,in_process_steady_clock,child_process_wait4,266.0,22012.0,0.038174,0.020526,22012.0,0.015472,0.00862,612.0,,0.015472,66.0,,239.2,13300.0,0.0358978,0.01932911,13300.0,0.014208799999999999,0.007880700000000001,612.0,,0.014208799999999999,57.3,,233.0,12332.0,0.0363495,0.019309,12332.0,0.0140055,0.007886,612.0,,0.0140055,57.0,,216.0,12332.0,0.031413,0.0171757,12332.0,0.013315,0.006799,612.0,,0.013315,51.0,
prim,synthetic,dense_er_np,25,"n=25,p=0.35",fibonacci,10,in_process_steady_clock,child_process_wait4,266.0,22012.0,0.061835,0.0315343,22012.0,0.020721,0.012786,2112.0,,0.020721,66.0,,239.2,13300.0,0.0523479,0.0272204,13300.0,0.0174296,0.0118837,2112.0,,0.0174296,57.3,,233.0,12332.0,0.050917500000000004,0.02638235,12332.0,0.017608,0.011898,2112.0,,0.017608,57.0,,216.0,12332.0,0.045975,0.0248503,12332.0,0.015577,0.01112,2112.0,,0.015577,51.0,
prim,synthetic,dense_er_np,25,"n=25,p=0.35",pairing,10,in_process_steady_clock,child_process_wait4,266.0,22012.0,0.046737,0.0279303,22012.0,0.026352,0.01305,1400.0,,0.026352,66.0,,239.2,13300.0,0.0438172,0.02476553,13300.0,0.018993,0.0114864,1400.0,,0.018993,57.3,,233.0,12332.0,0.043938,0.02468365,12332.0,0.018348999999999997,0.0111675,1400.0,,0.018348999999999997,57.0,,216.0,12332.0,0.039596,0.02203,12332.0,0.01608,0.010414,1400.0,,0.01608,51.0,
prim,synthetic,dense_er_np,50,"n=50,p=0.25",binary,10,in_process_steady_clock,child_process_wait4,706.0,22012.0,0.066071,0.041629,22012.0,0.034254,0.029986,1224.0,,0.034254,143.0,,670.2,13300.0,0.0621286,0.038453270000000005,13300.0,0.0319911,0.0212401,1224.0,,0.0319911,130.5,,665.0,12332.0,0.061485,0.038623000000000005,12332.0,0.031972,0.020393500000000002,1224.0,,0.031972,129.5,,634.0,12332.0,0.058573,0.0363363,12332.0,0.029785,0.018233,1224.0,,0.029785,120.0,
prim,synthetic,dense_er_np,50,"n=50,p=0.25",fibonacci,10,in_process_steady_clock,child_process_wait4,706.0,22012.0,0.121303,0.066995,22012.0,0.049663,0.041892,3712.0,,0.049663,143.0,,670.2,13300.0,0.09030880000000001,0.05712594,13300.0,0.0450224,0.0360466,3712.0,,0.0450224,130.5,,665.0,12332.0,0.08749,0.0564887,12332.0,0.044781,0.034450499999999995,3712.0,,0.044781,129.5,,634.0,12332.0,0.08189,0.0529653,12332.0,0.041744,0.033211,3712.0,,0.041744,120.0,
prim,synthetic,dense_er_np,50,"n=50,p=0.25",pairing,10,in_process_steady_clock,child_process_wait4,706.0,22012.0,0.088201,0.0549417,22012.0,0.044448,0.032871,2800.0,,0.044448,143.0,,670.2,13300.0,0.0805815,0.051314839999999994,13300.0,0.0424345,0.030928500000000005,2800.0,,0.0424345,130.5,,665.0,12332.0,0.079471,0.05105915,12332.0,0.042513499999999996,0.030864000000000003,2800.0,,0.042513499999999996,129.5,,634.0,12332.0,0.076021,0.0492217,12332.0,0.040069,0.028181,2800.0,,0.040069,120.0,
prim,synthetic,grid_2d,100,"rows=10,cols=10",binary,10,in_process_steady_clock,child_process_wait4,360.0,22012.0,0.077922,0.0486867,22012.0,0.039593,0.028545,1424.0,,0.039593,161.0,,360.0,13300.0,0.0703613,0.044288829999999994,13300.0,0.0370353,0.0254699,963.2,,0.0370353,153.8,,360.0,12332.0,0.0706895,0.043794849999999996,12332.0,0.037027500000000005,0.025294999999999998,912.0,,0.037027500000000005,154.0,,360.0,12332.0,0.064751,0.0421577,12332.0,0.035287,0.023312,912.0,,0.035287,148.0,
prim,synthetic,grid_2d,100,"rows=10,cols=10",fibonacci,10,in_process_steady_clock,child_process_wait4,360.0,22012.0,0.114656,0.0698587,22012.0,0.060357,0.045351,6912.0,,0.060357,161.0,,360.0,13300.0,0.1049009,0.0662594,13300.0,0.0528702,0.0410071,6912.0,,0.0528702,153.8,,360.0,12332.0,0.10376099999999999,0.06581329999999999,12332.0,0.0518455,0.040663,6912.0,,0.0518455,154.0,,360.0,12332.0,0.099616,0.063459,12332.0,0.048118,0.038498,6912.0,,0.048118,148.0,
prim,synthetic,grid_2d,100,"rows=10,cols=10",pairing,10,in_process_steady_clock,child_process_wait4,360.0,22012.0,0.098707,0.0616047,22012.0,0.049629,0.038274,5600.0,,0.049629,161.0,,360.0,13300.0,0.08863760000000001,0.05673973,13300.0,0.045699,0.0358826,5600.0,,0.045699,153.8,,360.0,12332.0,0.08837400000000001,0.05647415,12332.0,0.044786,0.035917000000000004,5600.0,,0.044786,154.0,,360.0,12332.0,0.084014,0.0534803,12332.0,0.042811,0.033008,5600.0,,0.042811,148.0,
prim,synthetic,grid_2d,25,"rows=5,cols=5",binary,10,in_process_steady_clock,child_process_wait4,80.0,22012.0,0.028266,0.014402,22012.0,0.010104,0.00506,356.0,,0.010104,37.0,,80.0,13300.0,0.0252804,0.013077540000000002,13300.0,0.0094053,0.0045468999999999996,292.0,,0.0094053,34.8,,80.0,12332.0,0.0251175,0.013022200000000001,12332.0,0.009413000000000001,0.004458,292.0,,0.009413000000000001,35.0,,80.0,12332.0,0.022035,0.011708,12332.0,0.008679,0.004229,228.0,,0.008679,32.0,
prim,synthetic,grid_2d,25,"rows=5,cols=5",fibonacci,10,in_process_steady_clock,child_process_wait4,80.0,22012.0,0.043137,0.0211943,22012.0,0.012654,0.009516,2112.0,,0.012654,37.0,,80.0,13300.0,0.04057279999999999,0.01932392,13300.0,0.010228800000000001,0.007170199999999999,2112.0,,0.010228800000000001,34.8,,80.0,12332.0,0.040752,0.019328150000000002,12332.0,0.0101665,0.0071325,2112.0,,0.0101665,35.0,,80.0,12332.0,0.037272,0.0179323,12332.0,0.00856,0.005533,2112.0,,0.00856,32.0,
prim,synthetic,grid_2d,25,"rows=5,cols=5",pairing,10,in_process_steady_clock,child_process_wait4,80.0,22012.0,0.046831,0.022747,22012.0,0.018226,0.011582,1400.0,,0.018226,37.0,,80.0,13300.0,0.0374748,0.01925825,13300.0,0.012676800000000002,0.007623200000000001,1400.0,,0.012676800000000002,34.8,,80.0,12332.0,0.0358455,0.0185938,12332.0,0.0121175,0.007167,1400.0,,0.0121175,35.0,,80.0,12332.0,0.033274,0.0177263,12332.0,0.011272,0.006666,1400.0,,0.011272,32.0,
prim,synthetic,grid_2d,64,"rows=8,cols=8",binary,10,in_process_steady_clock,child_process_wait4,224.0,22012.0,0.056256,0.0309323,22012.0,0.024722,0.016346,768.0,,0.024722,100.0,,224.0,13300.0,0.04950349999999999,0.02889522,13300.0,0.022869800000000003,0.0143124,640.0,,0.022869800000000003,96.6,,224.0,12332.0,0.049612,0.0290213,12332.0,0.022467,0.014273000000000001,640.0,,0.022467,97.0,,224.0,12332.0,0.045466,0.026922,12332.0,0.022059,0.012954,512.0,,0.022059,94.0,
prim,synthetic,grid_2d,64,"rows=8,cols=8",fibonacci,10,in_process_steady_clock,child_process_wait4,224.0,22012.0,0.077037,0.0459103,22012.0,0.032212,0.031413,4608.0,,0.032212,100.0,,224.0,13300.0,0.0713611,0.041744670000000005,13300.0,0.030022699999999996,0.023850199999999995,4608.0,,0.030022699999999996,96.6,,224.0,12332.0,0.0707005,0.04094215,12332.0,0.030287500000000002,0.0223745,4608.0,,0.030287500000000002,97.0,,224.0,12332.0,0.065857,0.0387563,12332.0,0.026899,0.019838,4608.0,,0.026899,94.0,
prim,synthetic,grid_2d,64,"rows=8,cols=8",pairing,10,in_process_steady_clock,child_process_wait4,224.0,22012.0,0.072914,0.041483,22012.0,0.030104,0.027196,3584.0,,0.030104,100.0,,224.0,13300.0,0.0637738,0.03793266000000001,13300.0,0.0287465,0.0212777,3584.0,,0.0287465,96.6,,224.0,12332.0,0.063969,0.03717735,12332.0,0.0289785,0.0205735,3584.0,,0.0289785,97.0,,224.0,12332.0,0.057363,0.0350477,12332.0,0.027316,0.019519,3584.0,,0.027316,94.0,
prim,synthetic,medium_er_np,100,"n=100,p=0.08",binary,10,in_process_steady_clock,child_process_wait4,1022.0,22012.0,0.121949,0.0768167,22012.0,0.070042,0.046669,2448.0,,0.070042,259.0,,960.8,13300.0,0.1146054,0.07371041000000002,13300.0,0.062072,0.0444538,2448.0,,0.062072,236.6,,960.0,12332.0,0.11416599999999999,0.07375999999999999,12332.0,0.061382500000000007,0.0446285,2448.0,,0.061382500000000007,233.5,,912.0,12332.0,0.10853,0.0705363,12332.0,0.058997,0.042523,2448.0,,0.058997,219.0,
prim,synthetic,medium_er_np,100,"n=100,p=0.08",fibonacci,10,in_process_steady_clock,child_process_wait4,1022.0,22012.0,0.149384,0.109889,22012.0,0.107995,0.082643,6912.0,,0.107995,259.0,,960.8,13300.0,0.1435443,0.10634919999999999,13300.0,0.09557479999999999,0.07992860000000002,6912.0,,0.09557479999999999,236.6,,960.0,12332.0,0.1423955,0.1065895,12332.0,0.0944635,0.0795435,6912.0,,0.0944635,233.5,,912.0,12332.0,0.13938,0.103656,12332.0,0.090571,0.077801,6912.0,,0.090571,219.0,
prim,synthetic,medium_er_np,100,"n=100,p=0.08",pairing,10,in_process_steady_clock,child_process_wait4,1022.0,22012.0,0.139636,0.101478,22012.0,0.098922,0.074758,5600.0,,0.098922,259.0,,960.8,13300.0,0.12913230000000003,0.09338953,13300.0,0.08319589999999999,0.0678405,5600.0,,0.08319589999999999,236.6,,960.0,12332.0,0.128319,0.09197469999999999,12332.0,0.0816495,0.067219,5600.0,,0.0816495,233.5,,912.0,12332.0,0.120379,0.0884723,12332.0,0.075079,0.061658,5600.0,,0.075079,219.0,
prim,synthetic,medium_er_np,25,"n=25,p=0.2",binary,10,in_process_steady_clock,child_process_wait4,186.0,22012.0,0.035249,0.018513,22012.0,0.019786,0.007423,612.0,,0.019786,57.0,,157.2,13300.0,0.031233500000000004,0.01703289,13300.0,0.0131187,0.0067465,458.4,,0.0131187,48.5,,149.0,12332.0,0.0309795,0.016885999999999998,12332.0,0.012574499999999999,0.006803,356.0,,0.012574499999999999,47.5,,134.0,12332.0,0.026154,0.015804,12332.0,0.01121,0.006144,356.0,,0.01121,43.0,
prim,synthetic,medium_er_np,25,"n=25,p=0.2",fibonacci,10,in_process_steady_clock,child_process_wait4,186.0,22012.0,0.050611,0.0262383,22012.0,0.016663,0.013294,2112.0,,0.016663,57.0,,157.2,13300.0,0.047183499999999996,0.02436633,13300.0,0.015179699999999999,0.0107358,2112.0,,0.015179699999999999,48.5,,149.0,12332.0,0.047737,0.02460085,12332.0,0.015435,0.0105955,2112.0,,0.015435,47.5,,134.0,12332.0,0.043108,0.0219337,12332.0,0.013589,0.009028,2112.0,,0.013589,43.0,
prim,synthetic,medium_er_np,25,"n=25,p=0.2",pairing,10,in_process_steady_clock,child_process_wait4,186.0,22012.0,0.043441,0.023372,22012.0,0.017637,0.010659,1400.0,,0.017637,57.0,,157.2,13300.0,0.040542800000000004,0.022287969999999997,13300.0,0.016184999999999998,0.0101361,1400.0,,0.016184999999999998,48.5,,149.0,12332.0,0.041064,0.022443,12332.0,0.016230500000000002,0.010304500000000001,1400.0,,0.016230500000000002,47.5,,134.0,12332.0,0.038018,0.020888,12332.0,0.015217,0.009406,1400.0,,0.015217,43.0,
prim,synthetic,medium_er_np,50,"n=50,p=0.12",binary,10,in_process_steady_clock,child_process_wait4,398.0,22012.0,0.064054,0.0349223,22012.0,0.027886,0.017421,1224.0,,0.027886,117.0,,373.2,13300.0,0.052754800000000004,0.0315188,13300.0,0.0256494,0.0161522,916.8,,0.0256494,104.9,,376.0,12332.0,0.051533999999999996,0.03126715,12332.0,0.025461499999999998,0.016258,712.0,,0.025461499999999998,104.0,,348.0,12332.0,0.04696,0.0289867,12332.0,0.023832,0.01486,712.0,,0.023832,97.0,
prim,synthetic,medium_er_np,50,"n=50,p=0.12",fibonacci,10,in_process_steady_clock,child_process_wait4,398.0,22012.0,0.092283,0.0522713,22012.0,0.04042,0.028852,3712.0,,0.04042,117.0,,373.2,13300.0,0.0796688,0.04825465,13300.0,0.0373584,0.027736699999999996,3712.0,,0.0373584,104.9,,376.0,12332.0,0.078961,0.04806185,12332.0,0.0371325,0.027632999999999998,3712.0,,0.0371325,104.0,,348.0,12332.0,0.07422,0.0455377,12332.0,0.035481,0.026676,3712.0,,0.035481,97.0,
prim,synthetic,medium_er_np,50,"n=50,p=0.12",pairing,10,in_process_steady_clock,child_process_wait4,398.0,22012.0,0.079406,0.0522333,22012.0,0.065032,0.026823,2800.0,,0.065032,117.0,,373.2,13300.0,0.0706559,0.044517629999999996,13300.0,0.037812500000000006,0.0250845,2800.0,,0.037812500000000006,104.9,,376.0,12332.0,0.069461,0.04383865,12332.0,0.0344705,0.024843499999999998,2800.0,,0.0344705,104.0,,348.0,12332.0,0.064109,0.041176,12332.0,0.033302,0.023781,2800.0,,0.033302,97.0,
prim,synthetic,prim_decrease_key_stress,1051,"k=50,r=1000,C=1001,B=51101,rank=alternating_reverse",binary,1,in_process_steady_clock,child_process_wait4,102100.0,22012.0,4.01972,3.83317,22012.0,3.83434,3.64545,36972.0,,3.83434,51050.0,,102100.0,22012.0,4.01972,3.83317,22012.0,3.83434,3.64545,36972.0,,3.83434,51050.0,,102100.0,22012.0,4.01972,3.83317,22012.0,3.83434,3.64545,36972.0,,3.83434,51050.0,,102100.0,22012.0,4.01972,3.83317,22012.0,3.83434,3.64545,36972.0,,3.83434,51050.0,
prim,synthetic,prim_decrease_key_stress,1051,"k=50,r=1000,C=1001,B=51101,rank=alternating_reverse",fibonacci,1,in_process_steady_clock,child_process_wait4,102100.0,22012.0,4.86624,4.57199,22012.0,4.74343,4.1063,67776.0,,4.74343,51050.0,,102100.0,22012.0,4.86624,4.57199,22012.0,4.74343,4.1063,67776.0,,4.74343,51050.0,,102100.0,22012.0,4.86624,4.57199,22012.0,4.74343,4.1063,67776.0,,4.74343,51050.0,,102100.0,22012.0,4.86624,4.57199,22012.0,4.74343,4.1063,67776.0,,4.74343,51050.0,
prim,synthetic,prim_decrease_key_stress,1051,"k=50,r=1000,C=1001,B=51101,rank=alternating_reverse",pairing,1,in_process_steady_clock,child_process_wait4,102100.0,22012.0,2.83176,2.7455,22012.0,2.70662,2.69811,58856.0,,2.70662,51050.0,,102100.0,22012.0,2.83176,2.7455,22012.0,2.70662,2.69811,58856.0,,2.70662,51050.0,,102100.0,22012.0,2.83176,2.7455,22012.0,2.70662,2.69811,58856.0,,2.70662,51050.0,,102100.0,22012.0,2.83176,2.7455,22012.0,2.70662,2.69811,58856.0,,2.70662,51050.0,
prim,synthetic,prim_decrease_key_stress,2002,"k=1,r=2000,C=2001,B=4003,rank=alternating_reverse",binary,1,in_process_steady_clock,child_process_wait4,8002.0,22012.0,0.945738,0.843983,22012.0,0.793676,0.792534,40776.0,,0.793676,4001.0,,8002.0,22012.0,0.945738,0.843983,22012.0,0.793676,0.792534,40776.0,,0.793676,4001.0,,8002.0,22012.0,0.945738,0.843983,22012.0,0.793676,0.792534,40776.0,,0.793676,4001.0,,8002.0,22012.0,0.945738,0.843983,22012.0,0.793676,0.792534,40776.0,,0.793676,4001.0,
prim,synthetic,prim_decrease_key_stress,2002,"k=1,r=2000,C=2001,B=4003,rank=alternating_reverse",fibonacci,1,in_process_steady_clock,child_process_wait4,8002.0,22012.0,0.803599,0.669149,22012.0,0.612696,0.591152,128640.0,,0.612696,4001.0,,8002.0,22012.0,0.803599,0.669149,22012.0,0.612696,0.591152,128640.0,,0.612696,4001.0,,8002.0,22012.0,0.803599,0.669149,22012.0,0.612696,0.591152,128640.0,,0.612696,4001.0,,8002.0,22012.0,0.803599,0.669149,22012.0,0.612696,0.591152,128640.0,,0.612696,4001.0,
prim,synthetic,prim_decrease_key_stress,2002,"k=1,r=2000,C=2001,B=4003,rank=alternating_reverse",pairing,1,in_process_steady_clock,child_process_wait4,8002.0,22012.0,0.783749,0.671257,22012.0,0.616095,0.613928,112112.0,,0.616095,4001.0,,8002.0,22012.0,0.783749,0.671257,22012.0,0.616095,0.613928,112112.0,,0.616095,4001.0,,8002.0,22012.0,0.783749,0.671257,22012.0,0.616095,0.613928,112112.0,,0.616095,4001.0,,8002.0,22012.0,0.783749,0.671257,22012.0,0.616095,0.613928,112112.0,,0.616095,4001.0,
prim,synthetic,prim_decrease_key_stress,2101,"k=100,r=2000,C=2001,B=202201,rank=alternating_reverse",binary,1,in_process_steady_clock,child_process_wait4,404200.0,22012.0,14.8616,10.5949,22012.0,10.1118,6.81126,73940.0,,10.1118,202100.0,,404200.0,22012.0,14.8616,10.5949,22012.0,10.1118,6.81126,73940.0,,10.1118,202100.0,,404200.0,22012.0,14.8616,10.5949,22012.0,10.1118,6.81126,73940.0,,10.1118,202100.0,,404200.0,22012.0,14.8616,10.5949,22012.0,10.1118,6.81126,73940.0,,10.1118,202100.0,
prim,synthetic,prim_decrease_key_stress,2101,"k=100,r=2000,C=2001,B=202201,rank=alternating_reverse",fibonacci,1,in_process_steady_clock,child_process_wait4,404200.0,22012.0,17.6889,11.9677,22012.0,10.4569,7.75741,134976.0,,10.4569,202100.0,,404200.0,22012.0,17.6889,11.9677,22012.0,10.4569,7.75741,134976.0,,10.4569,202100.0,,404200.0,22012.0,17.6889,11.9677,22012.0,10.4569,7.75741,134976.0,,10.4569,202100.0,,404200.0,22012.0,17.6889,11.9677,22012.0,10.4569,7.75741,134976.0,,10.4569,202100.0,
prim,synthetic,prim_decrease_key_stress,2101,"k=100,r=2000,C=2001,B=202201,rank=alternating_reverse",pairing,1,in_process_steady_clock,child_process_wait4,404200.0,22012.0,10.6195,8.61459,22012.0,8.92384,6.30049,117656.0,,8.92384,202100.0,,404200.0,22012.0,10.6195,8.61459,22012.0,8.92384,6.30049,117656.0,,8.92384,202100.0,,404200.0,22012.0,10.6195,8.61459,22012.0,8.92384,6.30049,117656.0,,8.92384,202100.0,,404200.0,22012.0,10.6195,8.61459,22012.0,8.92384,6.30049,117656.0,,8.92384,202100.0,
prim,synthetic,sparse_er_nm,100,"n=100,m=300",binary,10,in_process_steady_clock,child_process_wait4,600.0,22012.0,0.108401,0.0648087,22012.0,0.055276,0.037007,1424.0,,0.055276,206.0,,600.0,13300.0,0.0911529,0.059255569999999994,13300.0,0.0507141,0.0358997,1424.0,,0.0507141,195.8,,600.0,12332.0,0.087432,0.0583985,12332.0,0.05023,0.0358015,1424.0,,0.05023,196.5,,600.0,12332.0,0.085134,0.056322,12332.0,0.048959,0.034534,1424.0,,0.048959,181.0,
prim,synthetic,sparse_er_nm,100,"n=100,m=300",fibonacci,10,in_process_steady_clock,child_process_wait4,600.0,22012.0,0.137086,0.0976593,22012.0,0.084592,0.079145,6912.0,,0.084592,206.0,,600.0,13300.0,0.1292762,0.09232778,13300.0,0.0805626,0.06714450000000001,6912.0,,0.0805626,195.8,,600.0,12332.0,0.1305365,0.09184635,12332.0,0.0809935,0.06589049999999999,6912.0,,0.0809935,196.5,,600.0,12332.0,0.122524,0.0860663,12332.0,0.074634,0.061041,6912.0,,0.074634,181.0,
prim,synthetic,sparse_er_nm,100,"n=100,m=300",pairing,10,in_process_steady_clock,child_process_wait4,600.0,22012.0,0.131671,0.087642,22012.0,0.075732,0.059849,5600.0,,0.075732,206.0,,600.0,13300.0,0.1164896,0.08024520999999998,13300.0,0.0691785,0.055067500000000005,5600.0,,0.0691785,195.8,,600.0,12332.0,0.116284,0.0798127,12332.0,0.0680725,0.054750999999999994,5600.0,,0.0680725,196.5,,600.0,12332.0,0.109455,0.07667,12332.0,0.065406,0.050779,5600.0,,0.065406,181.0,
prim,synthetic,sparse_er_nm,25,"n=25,m=75",binary,10,in_process_steady_clock,child_process_wait4,150.0,22008.0,0.038142,0.0185663,22008.0,0.014373,0.011607,612.0,,0.014373,49.0,,150.0,13299.6,0.031662499999999996,0.0170731,13299.6,0.0123728,0.007184,484.0,,0.0123728,46.8,,150.0,12332.0,0.0323635,0.01722835,12332.0,0.012327000000000001,0.006837,484.0,,0.012327000000000001,46.0,,150.0,12332.0,0.025444,0.0150367,12332.0,0.01125,0.005964,356.0,,0.01125,45.0,
prim,synthetic,sparse_er_nm,25,"n=25,m=75",fibonacci,10,in_process_steady_clock,child_process_wait4,150.0,22008.0,0.048918,0.0283427,22008.0,0.025599,0.011233,2112.0,,0.025599,49.0,,150.0,13299.6,0.0461337,0.024067490000000004,13299.6,0.0159909,0.010077800000000001,2112.0,,0.0159909,46.8,,150.0,12332.0,0.046972,0.023826350000000003,12332.0,0.014145,0.010202,2112.0,,0.014145,46.0,,150.0,12332.0,0.041993,0.0216377,12332.0,0.013425,0.009186,2112.0,,0.013425,45.0,
prim,synthetic,sparse_er_nm,25,"n=25,m=75",pairing,10,in_process_steady_clock,child_process_wait4,150.0,22008.0,0.043517,0.0263357,22008.0,0.021412,0.016324,1400.0,,0.021412,49.0,,150.0,13299.6,0.0405494,0.022732930000000002,13299.6,0.0167441,0.010905300000000001,1400.0,,0.0167441,46.8,,150.0,12332.0,0.0403945,0.02258415,12332.0,0.016461000000000003,0.0105665,1400.0,,0.016461000000000003,46.0,,150.0,12332.0,0.038194,0.0216483,12332.0,0.014931,0.009396,1400.0,,0.014931,45.0,
prim,synthetic,sparse_er_nm,50,"n=50,m=150",binary,10,in_process_steady_clock,child_process_wait4,300.0,22012.0,0.055539,0.037883,22012.0,0.044946,0.015468,1224.0,,0.044946,104.0,,300.0,13300.0,0.04950399999999999,0.02993383,13300.0,0.025722300000000003,0.0145752,763.2,,0.025722300000000003,95.4,,300.0,12332.0,0.0493795,0.02892865,12332.0,0.0238055,0.014916,712.0,,0.0238055,95.5,,300.0,12332.0,0.042397,0.026667,12332.0,0.022199,0.013022,712.0,,0.022199,88.0,
prim,synthetic,sparse_er_nm,50,"n=50,m=150",fibonacci,10,in_process_steady_clock,child_process_wait4,300.0,22012.0,0.093469,0.0502077,22012.0,0.038562,0.026399,3712.0,,0.038562,104.0,,300.0,13300.0,0.0782583,0.04580717,13300.0,0.0341297,0.025033499999999997,3712.0,,0.0341297,95.4,,300.0,12332.0,0.0770715,0.045161,12332.0,0.033755,0.024812,3712.0,,0.033755,95.5,,300.0,12332.0,0.07271,0.0434403,12332.0,0.03119,0.024213,3712.0,,0.03119,88.0,
prim,synthetic,sparse_er_nm,50,"n=50,m=150",pairing,10,in_process_steady_clock,child_process_wait4,300.0,22012.0,0.087474,0.0491993,22012.0,0.04602,0.031738,2800.0,,0.04602,104.0,,300.0,13300.0,0.0683181,0.04242486000000001,13300.0,0.0342092,0.024747300000000003,2800.0,,0.0342092,95.4,,300.0,12332.0,0.0659825,0.041949650000000005,12332.0,0.033331,0.0243475,2800.0,,0.033331,95.5,,300.0,12332.0,0.059906,0.038895,12332.0,0.030521,0.021931,2800.0,,0.030521,88.0,
prim,synthetic,superdense_er_np,100,"n=100,p=0.35",binary,10,in_process_steady_clock,child_process_wait4,3692.0,22012.0,0.175703,0.136306,22012.0,0.152603,0.111178,2448.0,,0.152603,394.0,,3617.4,13300.0,0.1663827,0.12710439999999998,13300.0,0.11958639999999998,0.0953442,2448.0,,0.11958639999999998,360.3,,3632.0,12332.0,0.166252,0.12722450000000002,12332.0,0.11688899999999999,0.0942845,2448.0,,0.11688899999999999,360.0,,3434.0,12332.0,0.159527,0.1212,12332.0,0.107876,0.088212,2448.0,,0.107876,313.0,
prim,synthetic,superdense_er_np,100,"n=100,p=0.35",fibonacci,10,in_process_steady_clock,child_process_wait4,3692.0,22012.0,0.212987,0.172533,22012.0,0.16884,0.141683,6912.0,,0.16884,394.0,,3617.4,13300.0,0.204495,0.1660069,13300.0,0.15545969999999998,0.13806580000000002,6912.0,,0.15545969999999998,360.3,,3632.0,12332.0,0.203593,0.1656195,12332.0,0.15371649999999998,0.13853300000000002,6912.0,,0.15371649999999998,360.0,,3434.0,12332.0,0.196739,0.159887,12332.0,0.1483,0.132987,6912.0,,0.1483,313.0,
prim,synthetic,superdense_er_np,100,"n=100,p=0.35",pairing,10,in_process_steady_clock,child_process_wait4,3692.0,22012.0,0.197738,0.150461,22012.0,0.145486,0.129034,5600.0,,0.145486,394.0,,3617.4,13300.0,0.18553930000000002,0.1467058,13300.0,0.1359929,0.11858510000000003,5600.0,,0.1359929,360.3,,3632.0,12332.0,0.1841985,0.1483645,12332.0,0.13521899999999998,0.11629500000000001,5600.0,,0.13521899999999998,360.0,,3434.0,12332.0,0.177261,0.140038,12332.0,0.129901,0.112633,5600.0,,0.129901,313.0,
prim,synthetic,superdense_er_np,25,"n=25,p=0.65",binary,10,in_process_steady_clock,child_process_wait4,436.0,22012.0,0.041442,0.022709,22012.0,0.018199,0.010198,612.0,,0.018199,70.0,,404.6,13300.0,0.039367200000000005,0.02190238,13300.0,0.0168764,0.0094636,612.0,,0.0168764,66.7,,405.0,12332.0,0.0398425,0.0219808,12332.0,0.016759,0.009403,612.0,,0.016759,67.5,,388.0,12332.0,0.033909,0.0201393,12332.0,0.015797,0.009017,612.0,,0.015797,60.0,
prim,synthetic,superdense_er_np,25,"n=25,p=0.65",fibonacci,10,in_process_steady_clock,child_process_wait4,436.0,22012.0,0.063012,0.0325157,22012.0,0.022873,0.014642,2112.0,,0.022873,70.0,,404.6,13300.0,0.054741899999999996,0.029580409999999994,13300.0,0.020141700000000002,0.013857600000000001,2112.0,,0.020141700000000002,66.7,,405.0,12332.0,0.055146,0.029439649999999998,12332.0,0.0204155,0.0140205,2112.0,,0.0204155,67.5,,388.0,12332.0,0.04777,0.0258327,12332.0,0.01729,0.012438,2112.0,,0.01729,60.0,
prim,synthetic,superdense_er_np,25,"n=25,p=0.65",pairing,10,in_process_steady_clock,child_process_wait4,436.0,22012.0,0.053273,0.030247,22012.0,0.031266,0.01459,1400.0,,0.031266,70.0,,404.6,13300.0,0.0481795,0.028421469999999997,13300.0,0.0234868,0.013598099999999998,1400.0,,0.0234868,66.7,,405.0,12332.0,0.047302,0.028386,12332.0,0.021922,0.013409500000000001,1400.0,,0.021922,67.5,,388.0,12332.0,0.044579,0.0267367,12332.0,0.020167,0.012907,1400.0,,0.020167,60.0,
prim,synthetic,superdense_er_np,50,"n=50,p=0.5",binary,10,in_process_steady_clock,child_process_wait4,1346.0,22012.0,0.081434,0.056073,22012.0,0.055485,0.038877,1224.0,,0.055485,176.0,,1272.4,13300.0,0.07474610000000001,0.04937289,13300.0,0.044191600000000004,0.029181000000000002,1224.0,,0.044191600000000004,162.5,,1260.0,12332.0,0.07442599999999999,0.049021,12332.0,0.042891,0.0282375,1224.0,,0.042891,162.0,,1230.0,12332.0,0.070955,0.0462767,12332.0,0.041692,0.025594,1224.0,,0.041692,140.0,
prim,synthetic,superdense_er_np,50,"n=50,p=0.5",fibonacci,10,in_process_steady_clock,child_process_wait4,1346.0,22012.0,0.109156,0.0806937,22012.0,0.080555,0.05858,3712.0,,0.080555,176.0,,1272.4,13300.0,0.104159,0.06940904,13300.0,0.05895209999999999,0.045116,3712.0,,0.05895209999999999,162.5,,1260.0,12332.0,0.104123,0.0671977,12332.0,0.05639,0.0437,3712.0,,0.05639,162.0,,1230.0,12332.0,0.099376,0.0655527,12332.0,0.051624,0.038705,3712.0,,0.051624,140.0,
prim,synthetic,superdense_er_np,50,"n=50,p=0.5",pairing,10,in_process_steady_clock,child_process_wait4,1346.0,22012.0,0.099669,0.0641827,22012.0,0.055447,0.041079,2800.0,,0.055447,176.0,,1272.4,13300.0,0.0916739,0.06091133,13300.0,0.0526412,0.03841889999999999,2800.0,,0.0526412,162.5,,1260.0,12332.0,0.092354,0.06157915,12332.0,0.052834000000000006,0.038763,2800.0,,0.052834000000000006,162.0,,1230.0,12332.0,0.085048,0.056792,12332.0,0.04938,0.035948,2800.0,,0.04938,140.0,
