algorithm,heap_type,graph_source,graph_family,graph_size,graph_parameters,seed,start_vertex,output_value,comparison_count,cut_count,decrease_key_count,distance_checksum,edge_scan_count,extract_min_count,graph_average_degree,graph_directed,graph_maximum_degree,graph_num_edges,graph_num_vertices,insert_count,link_count,meld_count,mst_weight,node_allocation_count,peak_size,pointer_traversal_count,reachable_output_count,reachable_vertex_count,relax_attempt_count,successful_decrease_key_count,successful_key_update_count,successful_relax_count,swap_count,visited_vertex_count
dijkstra,binary,snap,snap_roadNet-CA,11183,"dataset=roadNet-CA,component=largest,max_edges=50000",0,0,11713406.0,169922,0,2478,11713406.0,35750,11183,3.1968165966198696,False,8,17875,11183,11183,0,0,,0,322,0,11183,11183,17875,2478,,13660,77849,
dijkstra,pairing,snap,snap_roadNet-CA,11183,"dataset=roadNet-CA,component=largest,max_edges=50000",0,0,11713406.0,138222,2478,2478,11713406.0,35750,11183,3.1968165966198696,False,8,17875,11183,11183,135744,135744,,11183,322,136324,11183,11183,17875,2478,,13660,0,
dijkstra,fibonacci,snap,snap_roadNet-CA,11183,"dataset=roadNet-CA,component=largest,max_edges=50000",0,0,11713406.0,202121,995,2478,11713406.0,35750,11183,3.1968165966198696,False,8,17875,11183,11183,73828,0,,11183,322,462308,11183,11183,17875,2478,,13660,0,
dijkstra,binary,snap,snap_roadNet-CA,11183,"dataset=roadNet-CA,component=largest,max_edges=50000",0,5591,12113148.0,168599,0,2430,12113148.0,35750,11183,3.1968165966198696,False,8,17875,11183,11183,0,0,,0,268,0,11183,11183,17875,2430,,13612,77190,
dijkstra,pairing,snap,snap_roadNet-CA,11183,"dataset=roadNet-CA,component=largest,max_edges=50000",0,5591,12113148.0,137636,2430,2430,12113148.0,35750,11183,3.1968165966198696,False,8,17875,11183,11183,135206,135206,,11183,268,135415,11183,11183,17875,2430,,13612,0,
dijkstra,fibonacci,snap,snap_roadNet-CA,11183,"dataset=roadNet-CA,component=largest,max_edges=50000",0,5591,12113148.0,199964,997,2430,12113148.0,35750,11183,3.1968165966198696,False,8,17875,11183,11183,70294,0,,11183,268,454687,11183,11183,17875,2430,,13612,0,
dijkstra,binary,snap,snap_roadNet-CA,11183,"dataset=roadNet-CA,component=largest,max_edges=50000",0,11182,13037519.0,170661,0,2548,13037519.0,35750,11183,3.1968165966198696,False,8,17875,11183,11183,0,0,,0,323,0,11183,11183,17875,2548,,13730,78330,
dijkstra,pairing,snap,snap_roadNet-CA,11183,"dataset=roadNet-CA,component=largest,max_edges=50000",0,11182,13037519.0,138696,2548,2548,13037519.0,35750,11183,3.1968165966198696,False,8,17875,11183,11183,136148,136148,,11183,323,136718,11183,11183,17875,2548,,13730,0,
dijkstra,fibonacci,snap,snap_roadNet-CA,11183,"dataset=roadNet-CA,component=largest,max_edges=50000",0,11182,13037519.0,203081,1022,2548,13037519.0,35750,11183,3.1968165966198696,False,8,17875,11183,11183,74431,0,,11183,323,464392,11183,11183,17875,2548,,13730,0,
prim,binary,snap,snap_roadNet-CA,11183,"dataset=roadNet-CA,component=largest,max_edges=50000",0,0,238642.0,276355,0,4694,,35750,11183,3.1968165966198696,False,8,17875,11183,11183,0,0,238642.0,0,1195,0,,,,4694,15876,,168519,11183
prim,pairing,snap,snap_roadNet-CA,11183,"dataset=roadNet-CA,component=largest,max_edges=50000",0,0,238642.0,59455,4520,4694,,35750,11183,3.1968165966198696,False,8,17875,11183,11183,54761,54761,238642.0,11183,1195,56065,,,,4694,15876,,0,11183
prim,fibonacci,snap,snap_roadNet-CA,11183,"dataset=roadNet-CA,component=largest,max_edges=50000",0,0,238642.0,125713,3417,4694,,35750,11183,3.1968165966198696,False,8,17875,11183,11183,27823,0,238642.0,11183,1195,255577,,,,4694,15876,,0,11183
dijkstra,binary,snap,snap_roadNet-CA,11183,"dataset=roadNet-CA,component=largest,max_edges=50000",1,0,11613811.0,169789,0,2526,11613811.0,35750,11183,3.1968165966198696,False,8,17875,11183,11183,0,0,,0,386,0,11183,11183,17875,2526,,13708,77830,
dijkstra,pairing,snap,snap_roadNet-CA,11183,"dataset=roadNet-CA,component=largest,max_edges=50000",1,0,11613811.0,138225,2526,2526,11613811.0,35750,11183,3.1968165966198696,False,8,17875,11183,11183,135699,135699,,11183,386,136151,11183,11183,17875,2526,,13708,0,
dijkstra,fibonacci,snap,snap_roadNet-CA,11183,"dataset=roadNet-CA,component=largest,max_edges=50000",1,0,11613811.0,200673,1038,2526,11613811.0,35750,11183,3.1968165966198696,False,8,17875,11183,11183,72063,0,,11183,386,457210,11183,11183,17875,2526,,13708,0,
dijkstra,binary,snap,snap_roadNet-CA,11183,"dataset=roadNet-CA,component=largest,max_edges=50000",1,5591,11294659.0,173692,0,2532,11294659.0,35750,11183,3.1968165966198696,False,8,17875,11183,11183,0,0,,0,381,0,11183,11183,17875,2532,,13714,79763,
dijkstra,pairing,snap,snap_roadNet-CA,11183,"dataset=roadNet-CA,component=largest,max_edges=50000",1,5591,11294659.0,141338,2532,2532,11294659.0,35750,11183,3.1968165966198696,False,8,17875,11183,11183,138806,138806,,11183,381,139453,11183,11183,17875,2532,,13714,0,
dijkstra,fibonacci,snap,snap_roadNet-CA,11183,"dataset=roadNet-CA,component=largest,max_edges=50000",1,5591,11294659.0,205708,1037,2532,11294659.0,35750,11183,3.1968165966198696,False,8,17875,11183,11183,74213,0,,11183,381,469494,11183,11183,17875,2532,,13714,0,
dijkstra,binary,snap,snap_roadNet-CA,11183,"dataset=roadNet-CA,component=largest,max_edges=50000",1,11182,12000543.0,171395,0,2522,12000543.0,35750,11183,3.1968165966198696,False,8,17875,11183,11183,0,0,,0,314,0,11183,11183,17875,2522,,13704,78674,
dijkstra,pairing,snap,snap_roadNet-CA,11183,"dataset=roadNet-CA,component=largest,max_edges=50000",1,11182,12000543.0,139210,2522,2522,12000543.0,35750,11183,3.1968165966198696,False,8,17875,11183,11183,136688,136688,,11183,314,137124,11183,11183,17875,2522,,13704,0,
dijkstra,fibonacci,snap,snap_roadNet-CA,11183,"dataset=roadNet-CA,component=largest,max_edges=50000",1,11182,12000543.0,204369,1012,2522,12000543.0,35750,11183,3.1968165966198696,False,8,17875,11183,11183,73922,0,,11183,314,466568,11183,11183,17875,2522,,13704,0,
prim,binary,snap,snap_roadNet-CA,11183,"dataset=roadNet-CA,component=largest,max_edges=50000",1,0,233120.0,273470,0,4739,,35750,11183,3.1968165966198696,False,8,17875,11183,11183,0,0,233120.0,0,1100,0,,,,4739,15921,,166918,11183
prim,pairing,snap,snap_roadNet-CA,11183,"dataset=roadNet-CA,component=largest,max_edges=50000",1,0,233120.0,58130,4552,4739,,35750,11183,3.1968165966198696,False,8,17875,11183,11183,53391,53391,233120.0,11183,1100,54631,,,,4739,15921,,0,11183
prim,fibonacci,snap,snap_roadNet-CA,11183,"dataset=roadNet-CA,component=largest,max_edges=50000",1,0,233120.0,126631,3436,4739,,35750,11183,3.1968165966198696,False,8,17875,11183,11183,26912,0,233120.0,11183,1100,256402,,,,4739,15921,,0,11183
dijkstra,binary,snap,snap_roadNet-CA,11183,"dataset=roadNet-CA,component=largest,max_edges=50000",2,0,11038831.0,172307,0,2518,11038831.0,35750,11183,3.1968165966198696,False,8,17875,11183,11183,0,0,,0,386,0,11183,11183,17875,2518,,13700,79116,
dijkstra,pairing,snap,snap_roadNet-CA,11183,"dataset=roadNet-CA,component=largest,max_edges=50000",2,0,11038831.0,139873,2518,2518,11038831.0,35750,11183,3.1968165966198696,False,8,17875,11183,11183,137355,137355,,11183,386,137966,11183,11183,17875,2518,,13700,0,
dijkstra,fibonacci,snap,snap_roadNet-CA,11183,"dataset=roadNet-CA,component=largest,max_edges=50000",2,0,11038831.0,204136,979,2518,11038831.0,35750,11183,3.1968165966198696,False,8,17875,11183,11183,73470,0,,11183,386,465729,11183,11183,17875,2518,,13700,0,
dijkstra,binary,snap,snap_roadNet-CA,11183,"dataset=roadNet-CA,component=largest,max_edges=50000",2,5591,11804468.0,172482,0,2498,11804468.0,35750,11183,3.1968165966198696,False,8,17875,11183,11183,0,0,,0,323,0,11183,11183,17875,2498,,13680,79179,
dijkstra,pairing,snap,snap_roadNet-CA,11183,"dataset=roadNet-CA,component=largest,max_edges=50000",2,5591,11804468.0,140576,2498,2498,11804468.0,35750,11183,3.1968165966198696,False,8,17875,11183,11183,138078,138078,,11183,323,138790,11183,11183,17875,2498,,13680,0,
dijkstra,fibonacci,snap,snap_roadNet-CA,11183,"dataset=roadNet-CA,component=largest,max_edges=50000",2,5591,11804468.0,204986,1002,2498,11804468.0,35750,11183,3.1968165966198696,False,8,17875,11183,11183,74459,0,,11183,323,468540,11183,11183,17875,2498,,13680,0,
dijkstra,binary,snap,snap_roadNet-CA,11183,"dataset=roadNet-CA,component=largest,max_edges=50000",2,11182,12931752.0,170639,0,2435,12931752.0,35750,11183,3.1968165966198696,False,8,17875,11183,11183,0,0,,0,312,0,11183,11183,17875,2435,,13617,78298,
dijkstra,pairing,snap,snap_roadNet-CA,11183,"dataset=roadNet-CA,component=largest,max_edges=50000",2,11182,12931752.0,138639,2435,2435,12931752.0,35750,11183,3.1968165966198696,False,8,17875,11183,11183,136204,136204,,11183,312,136741,11183,11183,17875,2435,,13617,0,
dijkstra,fibonacci,snap,snap_roadNet-CA,11183,"dataset=roadNet-CA,component=largest,max_edges=50000",2,11182,12931752.0,202632,991,2435,12931752.0,35750,11183,3.1968165966198696,False,8,17875,11183,11183,73737,0,,11183,312,463409,11183,11183,17875,2435,,13617,0,
prim,binary,snap,snap_roadNet-CA,11183,"dataset=roadNet-CA,component=largest,max_edges=50000",2,0,236785.0,281351,0,4710,,35750,11183,3.1968165966198696,False,8,17875,11183,11183,0,0,236785.0,0,1154,0,,,,4710,15892,,171909,11183
prim,pairing,snap,snap_roadNet-CA,11183,"dataset=roadNet-CA,component=largest,max_edges=50000",2,0,236785.0,58801,4543,4710,,35750,11183,3.1968165966198696,False,8,17875,11183,11183,54091,54091,236785.0,11183,1154,55056,,,,4710,15892,,0,11183
prim,fibonacci,snap,snap_roadNet-CA,11183,"dataset=roadNet-CA,component=largest,max_edges=50000",2,0,236785.0,125252,3413,4710,,35750,11183,3.1968165966198696,False,8,17875,11183,11183,27863,0,236785.0,11183,1154,254608,,,,4710,15892,,0,11183
dijkstra,binary,snap,snap_roadNet-CA,11183,"dataset=roadNet-CA,component=largest,max_edges=50000",3,0,11261321.0,171810,0,2546,11261321.0,35750,11183,3.1968165966198696,False,8,17875,11183,11183,0,0,,0,381,0,11183,11183,17875,2546,,13728,78748,
dijkstra,pairing,snap,snap_roadNet-CA,11183,"dataset=roadNet-CA,component=largest,max_edges=50000",3,0,11261321.0,139411,2546,2546,11261321.0,35750,11183,3.1968165966198696,False,8,17875,11183,11183,136865,136865,,11183,381,137497,11183,11183,17875,2546,,13728,0,
dijkstra,fibonacci,snap,snap_roadNet-CA,11183,"dataset=roadNet-CA,component=largest,max_edges=50000",3,0,11261321.0,203475,1032,2546,11261321.0,35750,11183,3.1968165966198696,False,8,17875,11183,11183,73382,0,,11183,381,464110,11183,11183,17875,2546,,13728,0,
dijkstra,binary,snap,snap_roadNet-CA,11183,"dataset=roadNet-CA,component=largest,max_edges=50000",3,5591,12098820.0,172349,0,2568,12098820.0,35750,11183,3.1968165966198696,False,8,17875,11183,11183,0,0,,0,347,0,11183,11183,17875,2568,,13750,79168,
dijkstra,pairing,snap,snap_roadNet-CA,11183,"dataset=roadNet-CA,component=largest,max_edges=50000",3,5591,12098820.0,139932,2568,2568,12098820.0,35750,11183,3.1968165966198696,False,8,17875,11183,11183,137364,137364,,11183,347,137730,11183,11183,17875,2568,,13750,0,
dijkstra,fibonacci,snap,snap_roadNet-CA,11183,"dataset=roadNet-CA,component=largest,max_edges=50000",3,5591,12098820.0,204393,1055,2568,12098820.0,35750,11183,3.1968165966198696,False,8,17875,11183,11183,74506,0,,11183,347,466825,11183,11183,17875,2568,,13750,0,
dijkstra,binary,snap,snap_roadNet-CA,11183,"dataset=roadNet-CA,component=largest,max_edges=50000",3,11182,13108986.0,171095,0,2487,13108986.0,35750,11183,3.1968165966198696,False,8,17875,11183,11183,0,0,,0,379,0,11183,11183,17875,2487,,13669,78649,
dijkstra,pairing,snap,snap_roadNet-CA,11183,"dataset=roadNet-CA,component=largest,max_edges=50000",3,11182,13108986.0,139119,2487,2487,13108986.0,35750,11183,3.1968165966198696,False,8,17875,11183,11183,136632,136632,,11183,379,137280,11183,11183,17875,2487,,13669,0,
dijkstra,fibonacci,snap,snap_roadNet-CA,11183,"dataset=roadNet-CA,component=largest,max_edges=50000",3,11182,13108986.0,202782,1011,2487,13108986.0,35750,11183,3.1968165966198696,False,8,17875,11183,11183,73287,0,,11183,379,462979,11183,11183,17875,2487,,13669,0,
prim,binary,snap,snap_roadNet-CA,11183,"dataset=roadNet-CA,component=largest,max_edges=50000",3,0,234346.0,276967,0,4731,,35750,11183,3.1968165966198696,False,8,17875,11183,11183,0,0,234346.0,0,1122,0,,,,4731,15913,,169052,11183
prim,pairing,snap,snap_roadNet-CA,11183,"dataset=roadNet-CA,component=largest,max_edges=50000",3,0,234346.0,58768,4565,4731,,35750,11183,3.1968165966198696,False,8,17875,11183,11183,54037,54037,234346.0,11183,1122,55318,,,,4731,15913,,0,11183
prim,fibonacci,snap,snap_roadNet-CA,11183,"dataset=roadNet-CA,component=largest,max_edges=50000",3,0,234346.0,126674,3479,4731,,35750,11183,3.1968165966198696,False,8,17875,11183,11183,27462,0,234346.0,11183,1122,256842,,,,4731,15913,,0,11183
dijkstra,binary,snap,snap_roadNet-CA,11183,"dataset=roadNet-CA,component=largest,max_edges=50000",4,0,11313577.0,170921,0,2493,11313577.0,35750,11183,3.1968165966198696,False,8,17875,11183,11183,0,0,,0,390,0,11183,11183,17875,2493,,13675,78377,
dijkstra,pairing,snap,snap_roadNet-CA,11183,"dataset=roadNet-CA,component=largest,max_edges=50000",4,0,11313577.0,138687,2493,2493,11313577.0,35750,11183,3.1968165966198696,False,8,17875,11183,11183,136194,136194,,11183,390,136942,11183,11183,17875,2493,,13675,0,
dijkstra,fibonacci,snap,snap_roadNet-CA,11183,"dataset=roadNet-CA,component=largest,max_edges=50000",4,0,11313577.0,201908,1023,2493,11313577.0,35750,11183,3.1968165966198696,False,8,17875,11183,11183,72833,0,,11183,390,460714,11183,11183,17875,2493,,13675,0,
dijkstra,binary,snap,snap_roadNet-CA,11183,"dataset=roadNet-CA,component=largest,max_edges=50000",4,5591,12530559.0,172189,0,2498,12530559.0,35750,11183,3.1968165966198696,False,8,17875,11183,11183,0,0,,0,348,0,11183,11183,17875,2498,,13680,78951,
dijkstra,pairing,snap,snap_roadNet-CA,11183,"dataset=roadNet-CA,component=largest,max_edges=50000",4,5591,12530559.0,140224,2498,2498,12530559.0,35750,11183,3.1968165966198696,False,8,17875,11183,11183,137726,137726,,11183,348,138177,11183,11183,17875,2498,,13680,0,
dijkstra,fibonacci,snap,snap_roadNet-CA,11183,"dataset=roadNet-CA,component=largest,max_edges=50000",4,5591,12530559.0,204104,999,2498,12530559.0,35750,11183,3.1968165966198696,False,8,17875,11183,11183,73225,0,,11183,348,465503,11183,11183,17875,2498,,13680,0,
dijkstra,binary,snap,snap_roadNet-CA,11183,"dataset=roadNet-CA,component=largest,max_edges=50000",4,11182,12779984.0,172689,0,2461,12779984.0,35750,11183,3.1968165966198696,False,8,17875,11183,11183,0,0,,0,361,0,11183,11183,17875,2461,,13643,79209,
dijkstra,pairing,snap,snap_roadNet-CA,11183,"dataset=roadNet-CA,component=largest,max_edges=50000",4,11182,12779984.0,140493,2460,2461,12779984.0,35750,11183,3.1968165966198696,False,8,17875,11183,11183,138032,138032,,11183,361,138424,11183,11183,17875,2461,,13643,0,
dijkstra,fibonacci,snap,snap_roadNet-CA,11183,"dataset=roadNet-CA,component=largest,max_edges=50000",4,11182,12779984.0,204879,1015,2461,12779984.0,35750,11183,3.1968165966198696,False,8,17875,11183,11183,74698,0,,11183,361,468727,11183,11183,17875,2461,,13643,0,
prim,binary,snap,snap_roadNet-CA,11183,"dataset=roadNet-CA,component=largest,max_edges=50000",4,0,236767.0,277888,0,4760,,35750,11183,3.1968165966198696,False,8,17875,11183,11183,0,0,236767.0,0,1120,0,,,,4760,15942,,169561,11183
prim,pairing,snap,snap_roadNet-CA,11183,"dataset=roadNet-CA,component=largest,max_edges=50000",4,0,236767.0,58874,4581,4760,,35750,11183,3.1968165966198696,False,8,17875,11183,11183,54114,54114,236767.0,11183,1120,55611,,,,4760,15942,,0,11183
prim,fibonacci,snap,snap_roadNet-CA,11183,"dataset=roadNet-CA,component=largest,max_edges=50000",4,0,236767.0,127829,3434,4760,,35750,11183,3.1968165966198696,False,8,17875,11183,11183,27805,0,236767.0,11183,1120,259502,,,,4760,15942,,0,11183
dijkstra,binary,snap,snap_roadNet-CA,11183,"dataset=roadNet-CA,component=largest,max_edges=50000",5,0,12388551.0,169355,0,2525,12388551.0,35750,11183,3.1968165966198696,False,8,17875,11183,11183,0,0,,0,324,0,11183,11183,17875,2525,,13707,77575,
dijkstra,pairing,snap,snap_roadNet-CA,11183,"dataset=roadNet-CA,component=largest,max_edges=50000",5,0,12388551.0,137585,2524,2525,12388551.0,35750,11183,3.1968165966198696,False,8,17875,11183,11183,135060,135060,,11183,324,135711,11183,11183,17875,2525,,13707,0,
dijkstra,fibonacci,snap,snap_roadNet-CA,11183,"dataset=roadNet-CA,component=largest,max_edges=50000",5,0,12388551.0,200852,1018,2525,12388551.0,35750,11183,3.1968165966198696,False,8,17875,11183,11183,72710,0,,11183,324,458296,11183,11183,17875,2525,,13707,0,
dijkstra,binary,snap,snap_roadNet-CA,11183,"dataset=roadNet-CA,component=largest,max_edges=50000",5,5591,12311922.0,169457,0,2512,12311922.0,35750,11183,3.1968165966198696,False,8,17875,11183,11183,0,0,,0,293,0,11183,11183,17875,2512,,13694,77632,
dijkstra,pairing,snap,snap_roadNet-CA,11183,"dataset=roadNet-CA,component=largest,max_edges=50000",5,5591,12311922.0,138590,2512,2512,12311922.0,35750,11183,3.1968165966198696,False,8,17875,11183,11183,136078,136078,,11183,293,136740,11183,11183,17875,2512,,13694,0,
dijkstra,fibonacci,snap,snap_roadNet-CA,11183,"dataset=roadNet-CA,component=largest,max_edges=50000",5,5591,12311922.0,201641,1010,2512,12311922.0,35750,11183,3.1968165966198696,False,8,17875,11183,11183,73038,0,,11183,293,460249,11183,11183,17875,2512,,13694,0,
dijkstra,binary,snap,snap_roadNet-CA,11183,"dataset=roadNet-CA,component=largest,max_edges=50000",5,11182,13419687.0,169944,0,2475,13419687.0,35750,11183,3.1968165966198696,False,8,17875,11183,11183,0,0,,0,309,0,11183,11183,17875,2475,,13657,77847,
dijkstra,pairing,snap,snap_roadNet-CA,11183,"dataset=roadNet-CA,component=largest,max_edges=50000",5,11182,13419687.0,138608,2475,2475,13419687.0,35750,11183,3.1968165966198696,False,8,17875,11183,11183,136133,136133,,11183,309,136850,11183,11183,17875,2475,,13657,0,
dijkstra,fibonacci,snap,snap_roadNet-CA,11183,"dataset=roadNet-CA,component=largest,max_edges=50000",5,11182,13419687.0,203473,981,2475,13419687.0,35750,11183,3.1968165966198696,False,8,17875,11183,11183,75232,0,,11183,309,466392,11183,11183,17875,2475,,13657,0,
prim,binary,snap,snap_roadNet-CA,11183,"dataset=roadNet-CA,component=largest,max_edges=50000",5,0,238500.0,272042,0,4715,,35750,11183,3.1968165966198696,False,8,17875,11183,11183,0,0,238500.0,0,1039,0,,,,4715,15897,,166054,11183
prim,pairing,snap,snap_roadNet-CA,11183,"dataset=roadNet-CA,component=largest,max_edges=50000",5,0,238500.0,57725,4551,4715,,35750,11183,3.1968165966198696,False,8,17875,11183,11183,53010,53010,238500.0,11183,1039,54082,,,,4715,15897,,0,11183
prim,fibonacci,snap,snap_roadNet-CA,11183,"dataset=roadNet-CA,component=largest,max_edges=50000",5,0,238500.0,125580,3399,4715,,35750,11183,3.1968165966198696,False,8,17875,11183,11183,27049,0,238500.0,11183,1039,254422,,,,4715,15897,,0,11183
dijkstra,binary,snap,snap_roadNet-CA,11183,"dataset=roadNet-CA,component=largest,max_edges=50000",6,0,11441517.0,169349,0,2515,11441517.0,35750,11183,3.1968165966198696,False,8,17875,11183,11183,0,0,,0,375,0,11183,11183,17875,2515,,13697,77509,
dijkstra,pairing,snap,snap_roadNet-CA,11183,"dataset=roadNet-CA,component=largest,max_edges=50000",6,0,11441517.0,137646,2515,2515,11441517.0,35750,11183,3.1968165966198696,False,8,17875,11183,11183,135131,135131,,11183,375,135726,11183,11183,17875,2515,,13697,0,
dijkstra,fibonacci,snap,snap_roadNet-CA,11183,"dataset=roadNet-CA,component=largest,max_edges=50000",6,0,11441517.0,200657,978,2515,11441517.0,35750,11183,3.1968165966198696,False,8,17875,11183,11183,72051,0,,11183,375,457351,11183,11183,17875,2515,,13697,0,
dijkstra,binary,snap,snap_roadNet-CA,11183,"dataset=roadNet-CA,component=largest,max_edges=50000",6,5591,12124078.0,171284,0,2546,12124078.0,35750,11183,3.1968165966198696,False,8,17875,11183,11183,0,0,,0,342,0,11183,11183,17875,2546,,13728,78402,
dijkstra,pairing,snap,snap_roadNet-CA,11183,"dataset=roadNet-CA,component=largest,max_edges=50000",6,5591,12124078.0,139289,2546,2546,12124078.0,35750,11183,3.1968165966198696,False,8,17875,11183,11183,136743,136743,,11183,342,137141,11183,11183,17875,2546,,13728,0,
dijkstra,fibonacci,snap,snap_roadNet-CA,11183,"dataset=roadNet-CA,component=largest,max_edges=50000",6,5591,12124078.0,203088,1023,2546,12124078.0,35750,11183,3.1968165966198696,False,8,17875,11183,11183,73407,0,,11183,342,463333,11183,11183,17875,2546,,13728,0,
dijkstra,binary,snap,snap_roadNet-CA,11183,"dataset=roadNet-CA,component=largest,max_edges=50000",6,11182,14184340.0,169696,0,2500,14184340.0,35750,11183,3.1968165966198696,False,8,17875,11183,11183,0,0,,0,321,0,11183,11183,17875,2500,,13682,77673,
dijkstra,pairing,snap,snap_roadNet-CA,11183,"dataset=roadNet-CA,component=largest,max_edges=50000",6,11182,14184340.0,138551,2500,2500,14184340.0,35750,11183,3.1968165966198696,False,8,17875,11183,11183,136051,136051,,11183,321,136650,11183,11183,17875,2500,,13682,0,
dijkstra,fibonacci,snap,snap_roadNet-CA,11183,"dataset=roadNet-CA,component=largest,max_edges=50000",6,11182,14184340.0,202914,1041,2500,14184340.0,35750,11183,3.1968165966198696,False,8,17875,11183,11183,74753,0,,11183,321,464585,11183,11183,17875,2500,,13682,0,
prim,binary,snap,snap_roadNet-CA,11183,"dataset=roadNet-CA,component=largest,max_edges=50000",6,0,235294.0,268528,0,4714,,35750,11183,3.1968165966198696,False,8,17875,11183,11183,0,0,235294.0,0,962,0,,,,4714,15896,,164192,11183
prim,pairing,snap,snap_roadNet-CA,11183,"dataset=roadNet-CA,component=largest,max_edges=50000",6,0,235294.0,55881,4573,4714,,35750,11183,3.1968165966198696,False,8,17875,11183,11183,51167,51167,235294.0,11183,962,52350,,,,4714,15896,,0,11183
prim,fibonacci,snap,snap_roadNet-CA,11183,"dataset=roadNet-CA,component=largest,max_edges=50000",6,0,235294.0,121910,3489,4714,,35750,11183,3.1968165966198696,False,8,17875,11183,11183,26593,0,235294.0,11183,962,246582,,,,4714,15896,,0,11183
dijkstra,binary,snap,snap_roadNet-CA,11183,"dataset=roadNet-CA,component=largest,max_edges=50000",7,0,11515055.0,171820,0,2523,11515055.0,35750,11183,3.1968165966198696,False,8,17875,11183,11183,0,0,,0,378,0,11183,11183,17875,2523,,13705,78718,
dijkstra,pairing,snap,snap_roadNet-CA,11183,"dataset=roadNet-CA,component=largest,max_edges=50000",7,0,11515055.0,140046,2522,2523,11515055.0,35750,11183,3.1968165966198696,False,8,17875,11183,11183,137523,137523,,11183,378,138237,11183,11183,17875,2523,,13705,0,
dijkstra,fibonacci,snap,snap_roadNet-CA,11183,"dataset=roadNet-CA,component=largest,max_edges=50000",7,0,11515055.0,203709,1029,2523,11515055.0,35750,11183,3.1968165966198696,False,8,17875,11183,11183,73084,0,,11183,378,464432,11183,11183,17875,2523,,13705,0,
dijkstra,binary,snap,snap_roadNet-CA,11183,"dataset=roadNet-CA,component=largest,max_edges=50000",7,5591,11866329.0,170183,0,2467,11866329.0,35750,11183,3.1968165966198696,False,8,17875,11183,11183,0,0,,0,287,0,11183,11183,17875,2467,,13649,78033,
dijkstra,pairing,snap,snap_roadNet-CA,11183,"dataset=roadNet-CA,component=largest,max_edges=50000",7,5591,11866329.0,138599,2467,2467,11866329.0,35750,11183,3.1968165966198696,False,8,17875,11183,11183,136132,136132,,11183,287,136724,11183,11183,17875,2467,,13649,0,
dijkstra,fibonacci,snap,snap_roadNet-CA,11183,"dataset=roadNet-CA,component=largest,max_edges=50000",7,5591,11866329.0,202652,1007,2467,11866329.0,35750,11183,3.1968165966198696,False,8,17875,11183,11183,72963,0,,11183,287,462574,11183,11183,17875,2467,,13649,0,
dijkstra,binary,snap,snap_roadNet-CA,11183,"dataset=roadNet-CA,component=largest,max_edges=50000",7,11182,13465656.0,169589,0,2548,13465656.0,35750,11183,3.1968165966198696,False,8,17875,11183,11183,0,0,,0,337,0,11183,11183,17875,2548,,13730,77694,
dijkstra,pairing,snap,snap_roadNet-CA,11183,"dataset=roadNet-CA,component=largest,max_edges=50000",7,11182,13465656.0,137978,2547,2548,13465656.0,35750,11183,3.1968165966198696,False,8,17875,11183,11183,135430,135430,,11183,337,136222,11183,11183,17875,2548,,13730,0,
dijkstra,fibonacci,snap,snap_roadNet-CA,11183,"dataset=roadNet-CA,component=largest,max_edges=50000",7,11182,13465656.0,201531,1030,2548,13465656.0,35750,11183,3.1968165966198696,False,8,17875,11183,11183,73052,0,,11183,337,459846,11183,11183,17875,2548,,13730,0,
prim,binary,snap,snap_roadNet-CA,11183,"dataset=roadNet-CA,component=largest,max_edges=50000",7,0,236985.0,279909,0,4758,,35750,11183,3.1968165966198696,False,8,17875,11183,11183,0,0,236985.0,0,1210,0,,,,4758,15940,,170882,11183
prim,pairing,snap,snap_roadNet-CA,11183,"dataset=roadNet-CA,component=largest,max_edges=50000",7,0,236985.0,59565,4578,4758,,35750,11183,3.1968165966198696,False,8,17875,11183,11183,54807,54807,236985.0,11183,1210,56282,,,,4758,15940,,0,11183
prim,fibonacci,snap,snap_roadNet-CA,11183,"dataset=roadNet-CA,component=largest,max_edges=50000",7,0,236985.0,128660,3467,4758,,35750,11183,3.1968165966198696,False,8,17875,11183,11183,27935,0,236985.0,11183,1210,261086,,,,4758,15940,,0,11183
dijkstra,binary,snap,snap_roadNet-CA,11183,"dataset=roadNet-CA,component=largest,max_edges=50000",8,0,12138849.0,169978,0,2532,12138849.0,35750,11183,3.1968165966198696,False,8,17875,11183,11183,0,0,,0,357,0,11183,11183,17875,2532,,13714,77956,
dijkstra,pairing,snap,snap_roadNet-CA,11183,"dataset=roadNet-CA,component=largest,max_edges=50000",8,0,12138849.0,137969,2531,2532,12138849.0,35750,11183,3.1968165966198696,False,8,17875,11183,11183,135437,135437,,11183,357,135941,11183,11183,17875,2532,,13714,0,
dijkstra,fibonacci,snap,snap_roadNet-CA,11183,"dataset=roadNet-CA,component=largest,max_edges=50000",8,0,12138849.0,200248,988,2532,12138849.0,35750,11183,3.1968165966198696,False,8,17875,11183,11183,72194,0,,11183,357,456562,11183,11183,17875,2532,,13714,0,
dijkstra,binary,snap,snap_roadNet-CA,11183,"dataset=roadNet-CA,component=largest,max_edges=50000",8,5591,12012989.0,169452,0,2560,12012989.0,35750,11183,3.1968165966198696,False,8,17875,11183,11183,0,0,,0,294,0,11183,11183,17875,2560,,13742,77557,
dijkstra,pairing,snap,snap_roadNet-CA,11183,"dataset=roadNet-CA,component=largest,max_edges=50000",8,5591,12012989.0,138225,2560,2560,12012989.0,35750,11183,3.1968165966198696,False,8,17875,11183,11183,135665,135665,,11183,294,136234,11183,11183,17875,2560,,13742,0,
dijkstra,fibonacci,snap,snap_roadNet-CA,11183,"dataset=roadNet-CA,component=largest,max_edges=50000",8,5591,12012989.0,201792,1005,2560,12012989.0,35750,11183,3.1968165966198696,False,8,17875,11183,11183,72628,0,,11183,294,459927,11183,11183,17875,2560,,13742,0,
dijkstra,binary,snap,snap_roadNet-CA,11183,"dataset=roadNet-CA,component=largest,max_edges=50000",8,11182,12436616.0,171255,0,2506,12436616.0,35750,11183,3.1968165966198696,False,8,17875,11183,11183,0,0,,0,322,0,11183,11183,17875,2506,,13688,78488,
dijkstra,pairing,snap,snap_roadNet-CA,11183,"dataset=roadNet-CA,component=largest,max_edges=50000",8,11182,12436616.0,139552,2506,2506,12436616.0,35750,11183,3.1968165966198696,False,8,17875,11183,11183,137046,137046,,11183,322,137564,11183,11183,17875,2506,,13688,0,
dijkstra,fibonacci,snap,snap_roadNet-CA,11183,"dataset=roadNet-CA,component=largest,max_edges=50000",8,11182,12436616.0,204960,1052,2506,12436616.0,35750,11183,3.1968165966198696,False,8,17875,11183,11183,75618,0,,11183,322,469521,11183,11183,17875,2506,,13688,0,
prim,binary,snap,snap_roadNet-CA,11183,"dataset=roadNet-CA,component=largest,max_edges=50000",8,0,234371.0,277307,0,4635,,35750,11183,3.1968165966198696,False,8,17875,11183,11183,0,0,234371.0,0,1137,0,,,,4635,15817,,169390,11183
prim,pairing,snap,snap_roadNet-CA,11183,"dataset=roadNet-CA,component=largest,max_edges=50000",8,0,234371.0,58632,4482,4635,,35750,11183,3.1968165966198696,False,8,17875,11183,11183,53997,53997,234371.0,11183,1137,55256,,,,4635,15817,,0,11183
prim,fibonacci,snap,snap_roadNet-CA,11183,"dataset=roadNet-CA,component=largest,max_edges=50000",8,0,234371.0,127166,3404,4635,,35750,11183,3.1968165966198696,False,8,17875,11183,11183,27937,0,234371.0,11183,1137,258820,,,,4635,15817,,0,11183
dijkstra,binary,snap,snap_roadNet-CA,11183,"dataset=roadNet-CA,component=largest,max_edges=50000",9,0,11528225.0,170044,0,2428,11528225.0,35750,11183,3.1968165966198696,False,8,17875,11183,11183,0,0,,0,388,0,11183,11183,17875,2428,,13610,77964,
dijkstra,pairing,snap,snap_roadNet-CA,11183,"dataset=roadNet-CA,component=largest,max_edges=50000",9,0,11528225.0,138207,2428,2428,11528225.0,35750,11183,3.1968165966198696,False,8,17875,11183,11183,135779,135779,,11183,388,136446,11183,11183,17875,2428,,13610,0,
dijkstra,fibonacci,snap,snap_roadNet-CA,11183,"dataset=roadNet-CA,component=largest,max_edges=50000",9,0,11528225.0,201477,963,2428,11528225.0,35750,11183,3.1968165966198696,False,8,17875,11183,11183,73524,0,,11183,388,460954,11183,11183,17875,2428,,13610,0,
dijkstra,binary,snap,snap_roadNet-CA,11183,"dataset=roadNet-CA,component=largest,max_edges=50000",9,5591,12458811.0,169109,0,2494,12458811.0,35750,11183,3.1968165966198696,False,8,17875,11183,11183,0,0,,0,298,0,11183,11183,17875,2494,,13676,77428,
dijkstra,pairing,snap,snap_roadNet-CA,11183,"dataset=roadNet-CA,component=largest,max_edges=50000",9,5591,12458811.0,138309,2493,2494,12458811.0,35750,11183,3.1968165966198696,False,8,17875,11183,11183,135815,135815,,11183,298,136494,11183,11183,17875,2494,,13676,0,
dijkstra,fibonacci,snap,snap_roadNet-CA,11183,"dataset=roadNet-CA,component=largest,max_edges=50000",9,5591,12458811.0,200972,955,2494,12458811.0,35750,11183,3.1968165966198696,False,8,17875,11183,11183,71775,0,,11183,298,457827,11183,11183,17875,2494,,13676,0,
dijkstra,binary,snap,snap_roadNet-CA,11183,"dataset=roadNet-CA,component=largest,max_edges=50000",9,11182,13571808.0,169354,0,2479,13571808.0,35750,11183,3.1968165966198696,False,8,17875,11183,11183,0,0,,0,325,0,11183,11183,17875,2479,,13661,77593,
dijkstra,pairing,snap,snap_roadNet-CA,11183,"dataset=roadNet-CA,component=largest,max_edges=50000",9,11182,13571808.0,138208,2479,2479,13571808.0,35750,11183,3.1968165966198696,False,8,17875,11183,11183,135729,135729,,11183,325,136273,11183,11183,17875,2479,,13661,0,
dijkstra,fibonacci,snap,snap_roadNet-CA,11183,"dataset=roadNet-CA,component=largest,max_edges=50000",9,11182,13571808.0,201293,990,2479,13571808.0,35750,11183,3.1968165966198696,False,8,17875,11183,11183,72755,0,,11183,325,459481,11183,11183,17875,2479,,13661,0,
prim,binary,snap,snap_roadNet-CA,11183,"dataset=roadNet-CA,component=largest,max_edges=50000",9,0,240268.0,280211,0,4670,,35750,11183,3.1968165966198696,False,8,17875,11183,11183,0,0,240268.0,0,1218,0,,,,4670,15852,,171417,11183
prim,pairing,snap,snap_roadNet-CA,11183,"dataset=roadNet-CA,component=largest,max_edges=50000",9,0,240268.0,58620,4528,4670,,35750,11183,3.1968165966198696,False,8,17875,11183,11183,53950,53950,240268.0,11183,1218,55270,,,,4670,15852,,0,11183
prim,fibonacci,snap,snap_roadNet-CA,11183,"dataset=roadNet-CA,component=largest,max_edges=50000",9,0,240268.0,127184,3413,4670,,35750,11183,3.1968165966198696,False,8,17875,11183,11183,27632,0,240268.0,11183,1218,258464,,,,4670,15852,,0,11183
